{
"lengthUnit": "mil",
"components": {
	"fields": ["COMPONENT_NO", "COMPONENT_NAME", "LAYER", "X_COORDINATE", "Y_COORDINATE", "ANGLE"],
	"rows": [
		[1, "BUZZER1", "T", 740, -1460, 90],
		[2, "C1", "T", 1940, -740, 180],
		[3, "C2", "T", 1940, -830, 180],
		[4, "C3", "T", 1150, -1252, 0],
		[5, "C4", "T", 1870, -1299.94, 180],
		[6, "C5", "T", 1189.44, -732.78, 0],
		[7, "C6", "T", 1189.44, -832.78, 0],
		[8, "C7", "T", 1796.96, -50, 180],
		[9, "C8", "T", 593.62, -737, 0],
		[10, "C9", "T", 1691.71, -661.75, 0],
		[11, "C10", "T", 508.17, -452.03, 0],
		[12, "C11", "T", 2071.89, -2019.99, 0],
		[13, "C12", "T", 1570.58, -661.54, 180],
		[14, "C13", "T", 2594.07, -1039.87, 270],
		[15, "C14", "T", 2391.03, -930, 180],
		[16, "C15", "T", 2391.03, -1490, 0],
		[17, "C16", "T", 2132.44, -1412.44, 0],
		[18, "C17", "T", 1142.44, -1716.56, 180],
		[19, "C18", "T", 1150, -1180.16, 0],
		[20, "C19", "T", 1870, -1369.94, 180],
		[21, "CN1", "T", 2530, -340, 180],
		[22, "D1", "T", 2430, -1730, 90],
		[23, "D2", "T", 2196.39, -148.11, 270],
		[24, "D3", "T", 2050, -1550, 180],
		[25, "D4", "T", 2190, -650, 270],
		[26, "H1", "T", 253.35, -947.12, 0],
		[27, "H2", "T", 253.35, -1047.12, 0],
		[28, "H3", "T", 253.35, -1147.12, 0],
		[29, "Q1", "T", 920, -1378, 0],
		[30, "Q2", "T", 2080, -300, 270],
		[31, "Q3", "T", 2671, -1879, 0],
		[32, "R1", "T", 1799.18, -280, 0],
		[33, "R2", "T", 957.13, -1496.57, 0],
		[34, "R3", "T", 1036.35, -1384.71, 270],
		[35, "R4", "T", 855.93, -780, 180],
		[36, "R5", "T", 855.93, -678.46, 0],
		[37, "R6", "T", 473.88, -555.88, 0],
		[38, "R7", "T", 855.93, -546.92, 0],
		[39, "R8", "T", 2278.58, -2013.06, 180],
		[40, "R9", "T", 855.93, -435.38, 180],
		[41, "R10", "T", 899.37, -2009.37, 180],
		[42, "R11", "T", 2430, -1870, 270],
		[43, "R12", "T", 2078.49, -147.11, 270],
		[44, "R13", "T", 2657.21, -1746.63, 0],
		[45, "R14", "T", 2003.32, -419.62, 180],
		[46, "R15", "T", 2815.21, -1917.63, 0],
		[47, "R16", "T", 1460.68, -1880, 180],
		[48, "R17", "T", 1700, -1880, 0],
		[49, "SCREW1", "T", 157.48, -2204.72, 0],
		[50, "SCREW2", "T", 157.48, -157.48, 0],
		[51, "SCREW3", "T", 2992.13, -157.48, 0],
		[52, "SCREW4", "T", 2992.13, -2204.72, 0],
		[53, "SW1", "T", 1853.88, -164.57, 180],
		[54, "U1", "T", 668.88, -576.01, 0],
		[55, "U2", "T", 2890, -1100, 270],
		[56, "U3", "T", 2050, -1870, 270],
		[57, "U5", "T", 1140, -1870, 90],
		[58, "U6", "T", 2380, -1210, 0],
		[59, "U8", "T", 2630, -2230, 0],
		[60, "U9", "T", 150, -1600, 270],
		[61, "U10", "T", 510, -2230, 0],
		[62, "U11", "T", 1440, -130, 180],
		[63, "U12", "T", 523.95, -124.76, 180],
		[64, "U13", "T", 3020, -1840, 90],
		[65, "U14", "T", 881.56, -121.82, 180],
		[66, "U15", "T", 140, -490, 270],
		[67, "U16", "T", 1574.8, -1023.62, 180],
		[68, "U17", "T", 2111.25, -2230, 0],
		[69, "U18", "T", 1028.75, -2230, 0],
		[70, "USB1", "T", 1570, -2114.9, 0],
		[71, "X1", "T", 1626.59, -531.75, 0]
	]
},
"pins": {
	"fields": ["PIN_NO", "PIN_NAME", "PIN_X", "PIN_Y", "LAYER", "PIN_TYPE", "NET_NAME", "NET_TYPE", "PAD_SHAPE", "PAD_SIZEX", "PAD_SIZEY", "HOLE_SIZE", "PAD_ANGLE"],
	"rows": [
		[1, "BUZZER1_1", 808.9, -1542.68, "T", "SMD", "VCC", "", "R", 31.5, 59.05, 0, 180],
		[2, "BUZZER1_2", 808.9, -1377.32, "T", "SMD", "$1N9545", "", "R", 31.5, 59.05, 0, 180],
		[3, "BUZZER1_3", 671.1, -1542.68, "T", "SMD", "BUZZER1_3", "", "R", 31.5, 59.05, 0, 180],
		[4, "C1_1", 1967.56, -740, "T", "SMD", "GND", "GND", "R", 31.5, 35.43, 0, 180],
		[5, "C1_2", 1912.44, -740, "T", "SMD", "VCC3.3", "", "R", 31.5, 35.43, 0, 180],
		[6, "C2_1", 1967.56, -830, "T", "SMD", "GND", "GND", "R", 31.5, 35.43, 0, 180],
		[7, "C2_2", 1912.44, -830, "T", "SMD", "VCC3.3", "", "R", 31.5, 35.43, 0, 180],
		[8, "C3_1", 1122.44, -1252, "T", "SMD", "GND", "GND", "R", 31.5, 35.43, 0, 0],
		[9, "C3_2", 1177.56, -1252, "T", "SMD", "VCC3.3", "", "R", 31.5, 35.43, 0, 0],
		[10, "C4_1", 1897.56, -1299.94, "T", "SMD", "GND", "GND", "R", 31.5, 35.43, 0, 180],
		[11, "C4_2", 1842.44, -1299.94, "T", "SMD", "VCC3.3", "", "R", 31.5, 35.43, 0, 180],
		[12, "C5_1", 1161.88, -732.78, "T", "SMD", "GND", "GND", "R", 31.5, 35.43, 0, 0],
		[13, "C5_2", 1217, -732.78, "T", "SMD", "VCC3.3", "", "R", 31.5, 35.43, 0, 0],
		[14, "C6_1", 1161.88, -832.78, "T", "SMD", "GND", "GND", "R", 31.5, 35.43, 0, 0],
		[15, "C6_2", 1217, -832.78, "T", "SMD", "VCC3.3", "", "R", 31.5, 35.43, 0, 0],
		[16, "C7_1", 1824.52, -50, "T", "SMD", "GND", "GND", "R", 31.5, 35.43, 0, 180],
		[17, "C7_2", 1769.4, -50, "T", "SMD", "NRST", "", "R", 31.5, 35.43, 0, 180],
		[18, "C8_1", 566.06, -737, "T", "SMD", "VCC3.3", "", "R", 31.5, 35.43, 0, 0],
		[19, "C8_2", 621.18, -737, "T", "SMD", "GND", "GND", "R", 31.5, 35.43, 0, 0],
		[20, "C9_1", 1664.15, -661.75, "T", "SMD", "OSC_IN", "", "R", 31.5, 35.43, 0, 0],
		[21, "C9_2", 1719.27, -661.75, "T", "SMD", "GND", "GND", "R", 31.5, 35.43, 0, 0],
		[22, "C10_1", 480.61, -452.03, "T", "SMD", "GND", "GND", "R", 31.5, 35.43, 0, 0],
		[23, "C10_2", 535.73, -452.03, "T", "SMD", "VCC3.3", "", "R", 31.5, 35.43, 0, 0],
		[24, "C11_1", 2044.33, -2019.99, "T", "SMD", "VCC", "", "R", 31.5, 35.43, 0, 180],
		[25, "C11_2", 2099.45, -2019.99, "T", "SMD", "GND", "GND", "R", 31.5, 35.43, 0, 180],
		[26, "C12_1", 1598.14, -661.54, "T", "SMD", "OSC_OUT", "", "R", 31.5, 35.43, 0, 180],
		[27, "C12_2", 1543.02, -661.54, "T", "SMD", "GND", "GND", "R", 31.5, 35.43, 0, 180],
		[28, "C13_1", 2594.07, -1012.31, "T", "SMD", "GND", "GND", "R", 31.5, 35.43, 0, 270],
		[29, "C13_2", 2594.07, -1067.43, "T", "SMD", "VCC", "", "R", 31.5, 35.43, 0, 270],
		[30, "C14_1", 2496.15, -930, "T", "SMD", "VCC", "", "R", 137.79, 47.24, 0, 180],
		[31, "C14_2", 2285.91, -930, "T", "SMD", "GND", "GND", "R", 137.79, 47.24, 0, 180],
		[32, "C15_1", 2285.91, -1490, "T", "SMD", "VCC3.3", "", "R", 137.79, 47.24, 0, 0],
		[33, "C15_2", 2496.15, -1490, "T", "SMD", "GND", "GND", "R", 137.79, 47.24, 0, 0],
		[34, "C16_1", 2104.88, -1412.44, "T", "SMD", "GND", "GND", "R", 31.5, 35.43, 0, 0],
		[35, "C16_2", 2160, -1412.44, "T", "SMD", "VCC3.3", "", "R", 31.5, 35.43, 0, 0],
		[36, "C17_1", 1170, -1716.56, "T", "SMD", "VCC", "", "R", 31.5, 35.43, 0, 0],
		[37, "C17_2", 1114.88, -1716.56, "T", "SMD", "GND", "GND", "R", 31.5, 35.43, 0, 0],
		[38, "C18_1", 1122.44, -1180.16, "T", "SMD", "GND", "GND", "R", 31.5, 35.43, 0, 0],
		[39, "C18_2", 1177.56, -1180.16, "T", "SMD", "$1N19", "", "R", 31.5, 35.43, 0, 0],
		[40, "C19_1", 1897.56, -1369.94, "T", "SMD", "GND", "GND", "R", 31.5, 35.43, 0, 180],
		[41, "C19_2", 1842.44, -1369.94, "T", "SMD", "$1N20", "", "R", 31.5, 35.43, 0, 180],
		[42, "CN1_1", 2628.42, -536.85, "T", "DIP", "PGND", "", "C", 98.42, 98.42, 70.87, 0],
		[43, "CN1_1", 2628.42, -536.85, "B", "DIP", "PGND", "", "C", 98.42, 98.42, 70.87, 0],
		[44, "CN1_2", 2431.57, -536.85, "T", "DIP", "VCC12V", "", "C", 98.42, 98.42, 70.87, 0],
		[45, "CN1_2", 2431.57, -536.85, "B", "DIP", "VCC12V", "", "C", 98.42, 98.42, 70.87, 0],
		[46, "CN1_3", 2313.47, -143.15, "T", "DIP", "PGND", "", "C", 70.87, 70.87, 43.31, 0],
		[47, "CN1_3", 2313.47, -143.15, "B", "DIP", "PGND", "", "C", 70.87, 70.87, 43.31, 0],
		[48, "CN1_4", 2746.53, -143.15, "T", "DIP", "PGND", "", "C", 70.87, 70.87, 43.31, 0],
		[49, "CN1_4", 2746.53, -143.15, "B", "DIP", "PGND", "", "C", 70.87, 70.87, 43.31, 0],
		[50, "D1_1", 2430.01, -1761.47, "T", "SMD", "$1N156", "", "R", 31.5, 31.5, 0, 180],
		[51, "D1_2", 2429.99, -1698.53, "T", "SMD", "VCC3.3", "", "R", 31.5, 31.5, 0, 180],
		[52, "D2_1", 2196.38, -116.63, "T", "SMD", "$1N9338", "", "R", 31.5, 31.5, 0, 360],
		[53, "D2_2", 2196.39, -179.58, "T", "SMD", "VCC", "", "R", 31.5, 31.5, 0, 360],
		[54, "D3_1", 2142.94, -1550, "T", "SMD", "VCC3.3", "", "R", 80.61, 86.31, 0, 180],
		[55, "D3_2", 1957.06, -1550, "T", "SMD", "GND", "GND", "R", 80.61, 86.31, 0, 180],
		[56, "D4_1", 2190, -557.06, "T", "SMD", "VCC", "", "R", 80.61, 86.31, 0, 270],
		[57, "D4_2", 2190, -742.94, "T", "SMD", "GND", "GND", "R", 80.61, 86.31, 0, 270],
		[58, "H1_1", 103.35, -947.12, "T", "DIP", "GND", "GND", "R", 66.93, 66.93, 43.31, 0],
		[59, "H1_1", 103.35, -947.12, "B", "DIP", "GND", "GND", "R", 66.93, 66.93, 43.31, 0],
		[60, "H1_2", 203.35, -947.12, "T", "DIP", "GND", "GND", "C", 66.93, 66.93, 43.31, 0],
		[61, "H1_2", 203.35, -947.12, "B", "DIP", "GND", "GND", "C", 66.93, 66.93, 43.31, 0],
		[62, "H1_3", 303.35, -947.12, "T", "DIP", "GND", "GND", "C", 66.93, 66.93, 43.31, 0],
		[63, "H1_3", 303.35, -947.12, "B", "DIP", "GND", "GND", "C", 66.93, 66.93, 43.31, 0],
		[64, "H1_4", 403.35, -947.12, "T", "DIP", "GND", "GND", "C", 66.93, 66.93, 43.31, 0],
		[65, "H1_4", 403.35, -947.12, "B", "DIP", "GND", "GND", "C", 66.93, 66.93, 43.31, 0],
		[66, "H2_1", 103.35, -1047.12, "T", "DIP", "VCC", "", "R", 66.93, 66.93, 43.31, 0],
		[67, "H2_1", 103.35, -1047.12, "B", "DIP", "VCC", "", "R", 66.93, 66.93, 43.31, 0],
		[68, "H2_2", 203.35, -1047.12, "T", "DIP", "VCC", "", "C", 66.93, 66.93, 43.31, 0],
		[69, "H2_2", 203.35, -1047.12, "B", "DIP", "VCC", "", "C", 66.93, 66.93, 43.31, 0],
		[70, "H2_3", 303.35, -1047.12, "T", "DIP", "VCC", "", "C", 66.93, 66.93, 43.31, 0],
		[71, "H2_3", 303.35, -1047.12, "B", "DIP", "VCC", "", "C", 66.93, 66.93, 43.31, 0],
		[72, "H2_4", 403.35, -1047.12, "T", "DIP", "VCC", "", "C", 66.93, 66.93, 43.31, 0],
		[73, "H2_4", 403.35, -1047.12, "B", "DIP", "VCC", "", "C", 66.93, 66.93, 43.31, 0],
		[74, "H3_1", 103.35, -1147.12, "T", "DIP", "TIM2_CH1", "", "R", 66.93, 66.93, 43.31, 0],
		[75, "H3_1", 103.35, -1147.12, "B", "DIP", "TIM2_CH1", "", "R", 66.93, 66.93, 43.31, 0],
		[76, "H3_2", 203.35, -1147.12, "T", "DIP", "TIM2_CH2", "", "C", 66.93, 66.93, 43.31, 0],
		[77, "H3_2", 203.35, -1147.12, "B", "DIP", "TIM2_CH2", "", "C", 66.93, 66.93, 43.31, 0],
		[78, "H3_3", 303.35, -1147.12, "T", "DIP", "TIM3_CH1", "", "C", 66.93, 66.93, 43.31, 0],
		[79, "H3_3", 303.35, -1147.12, "B", "DIP", "TIM3_CH1", "", "C", 66.93, 66.93, 43.31, 0],
		[80, "H3_4", 403.35, -1147.12, "T", "DIP", "TIM3_CH2", "", "C", 66.93, 66.93, 43.31, 0],
		[81, "H3_4", 403.35, -1147.12, "B", "DIP", "TIM3_CH2", "", "C", 66.93, 66.93, 43.31, 0],
		[82, "Q1_1", 963.36, -1415.4, "T", "SMD", "$1N9603", "", "R", 40.85, 20.95, 0, 0],
		[83, "Q1_2", 963.36, -1340.6, "T", "SMD", "GND", "GND", "R", 40.85, 20.95, 0, 0],
		[84, "Q1_3", 876.64, -1378, "T", "SMD", "$1N9545", "", "R", 40.85, 20.95, 0, 0],
		[85, "Q2_1", 2042.6, -343.36, "T", "SMD", "$1N9285", "", "R", 40.85, 20.95, 0, 270],
		[86, "Q2_2", 2117.4, -343.36, "T", "SMD", "GND", "GND", "R", 40.85, 20.95, 0, 270],
		[87, "Q2_3", 2080, -256.64, "T", "SMD", "$1N9312", "", "R", 40.85, 20.95, 0, 270],
		[88, "Q3_1", 2714.36, -1916.4, "T", "SMD", "$1N101", "", "R", 40.85, 20.95, 0, 0],
		[89, "Q3_2", 2714.36, -1841.6, "T", "SMD", "GND", "GND", "R", 40.85, 20.95, 0, 0],
		[90, "Q3_3", 2627.64, -1879, "T", "SMD", "USART3_RX", "", "R", 40.85, 20.95, 0, 0],
		[91, "R1_1", 1769.52, -280, "T", "SMD", "NRST", "", "R", 31.75, 34.02, 0, 0],
		[92, "R1_2", 1828.84, -280, "T", "SMD", "VCC3.3", "", "R", 31.75, 34.02, 0, 0],
		[93, "R2_1", 917.76, -1496.57, "T", "SMD", "$1N9603", "", "R", 44.59, 54.21, 0, 0],
		[94, "R2_2", 996.5, -1496.57, "T", "SMD", "TIM8_CH2", "", "R", 44.59, 54.21, 0, 0],
		[95, "R3_1", 1036.35, -1355.05, "T", "SMD", "GND", "GND", "R", 31.75, 34.02, 0, 270],
		[96, "R3_2", 1036.35, -1414.37, "T", "SMD", "$1N9603", "", "R", 31.75, 34.02, 0, 270],
		[97, "R4_1", 895.3, -780, "T", "SMD", "SPI1_MISO", "", "R", 44.59, 54.21, 0, 180],
		[98, "R4_2", 816.56, -780, "T", "SMD", "$1N8356", "", "R", 44.59, 54.21, 0, 180],
		[99, "R5_1", 816.56, -678.46, "T", "SMD", "$1N8768", "", "R", 44.59, 54.21, 0, 0],
		[100, "R5_2", 895.3, -678.46, "T", "SMD", "CS1_ACC", "", "R", 44.59, 54.21, 0, 0],
		[101, "R6_1", 434.51, -555.88, "T", "SMD", "CS1_GRYO", "", "R", 44.59, 54.21, 0, 0],
		[102, "R6_2", 513.25, -555.88, "T", "SMD", "$1N8804", "", "R", 44.59, 54.21, 0, 0],
		[103, "R7_1", 816.56, -546.92, "T", "SMD", "$1N8349", "", "R", 44.59, 54.21, 0, 0],
		[104, "R7_2", 895.3, -546.92, "T", "SMD", "SPI1_MOSI", "", "R", 44.59, 54.21, 0, 0],
		[105, "R8_1", 2317.95, -2013.06, "T", "SMD", "CAN1_L", "", "R", 44.59, 54.21, 0, 0],
		[106, "R8_2", 2239.21, -2013.06, "T", "SMD", "CAN1_H", "", "R", 44.59, 54.21, 0, 0],
		[107, "R9_1", 895.3, -435.38, "T", "SMD", "SPI1_SCK", "", "R", 44.59, 54.21, 0, 180],
		[108, "R9_2", 816.56, -435.38, "T", "SMD", "$1N8341", "", "R", 44.59, 54.21, 0, 180],
		[109, "R10_1", 938.74, -2009.37, "T", "SMD", "CAN2_L", "", "R", 44.59, 54.21, 0, 0],
		[110, "R10_2", 860, -2009.37, "T", "SMD", "CAN2_H", "", "R", 44.59, 54.21, 0, 0],
		[111, "R11_1", 2430, -1830.63, "T", "SMD", "$1N156", "", "R", 44.59, 54.21, 0, 270],
		[112, "R11_2", 2430, -1909.37, "T", "SMD", "GND", "GND", "R", 44.59, 54.21, 0, 270],
		[113, "R12_1", 2078.49, -107.74, "T", "SMD", "$1N9338", "", "R", 44.59, 54.21, 0, 270],
		[114, "R12_2", 2078.49, -186.48, "T", "SMD", "$1N9312", "", "R", 44.59, 54.21, 0, 270],
		[115, "R13_1", 2627.55, -1746.63, "T", "SMD", "USART3_RX", "", "R", 31.75, 34.02, 0, 0],
		[116, "R13_2", 2686.87, -1746.63, "T", "SMD", "VCC3.3", "", "R", 31.75, 34.02, 0, 0],
		[117, "R14_1", 2042.69, -419.62, "T", "SMD", "$1N9285", "", "R", 44.59, 54.21, 0, 180],
		[118, "R14_2", 1963.95, -419.62, "T", "SMD", "TIM5_CH1", "", "R", 44.59, 54.21, 0, 180],
		[119, "R15_1", 2785.55, -1917.63, "T", "SMD", "$1N101", "", "R", 31.75, 34.02, 0, 0],
		[120, "R15_2", 2844.87, -1917.63, "T", "SMD", "SBUS", "", "R", 31.75, 34.02, 0, 0],
		[121, "R16_1", 1490.34, -1880, "T", "SMD", "$1N7742", "", "R", 31.75, 34.02, 0, 180],
		[122, "R16_2", 1431.02, -1880, "T", "SMD", "GND", "GND", "R", 31.75, 34.02, 0, 180],
		[123, "R17_1", 1670.34, -1880, "T", "SMD", "$1N7746", "", "R", 31.75, 34.02, 0, 0],
		[124, "R17_2", 1729.66, -1880, "T", "SMD", "GND", "GND", "R", 31.75, 34.02, 0, 0],
		[125, "SCREW1_1", 154.98, -2202.22, "T", "DIP", "SCREW1_1", "", "C", 126, 126, 126, 0],
		[126, "SCREW1_1", 154.98, -2202.22, "B", "DIP", "SCREW1_1", "", "C", 126, 126, 126, 0],
		[127, "SCREW2_1", 154.98, -154.98, "T", "DIP", "SCREW2_1", "", "C", 126, 126, 126, 0],
		[128, "SCREW2_1", 154.98, -154.98, "B", "DIP", "SCREW2_1", "", "C", 126, 126, 126, 0],
		[129, "SCREW3_1", 2989.63, -154.98, "T", "DIP", "SCREW3_1", "", "C", 126, 126, 126, 0],
		[130, "SCREW3_1", 2989.63, -154.98, "B", "DIP", "SCREW3_1", "", "C", 126, 126, 126, 0],
		[131, "SCREW4_1", 2989.63, -2202.22, "T", "DIP", "SCREW4_1", "", "C", 126, 126, 126, 0],
		[132, "SCREW4_1", 2989.63, -2202.22, "B", "DIP", "SCREW4_1", "", "C", 126, 126, 126, 0],
		[133, "SW1_1", 1939.9, -164.57, "T", "SMD", "GND", "GND", "R", 48.42, 53.54, 0, 180],
		[134, "SW1_2", 1767.86, -164.57, "T", "SMD", "NRST", "", "R", 48.42, 53.54, 0, 180],
		[135, "U1_1", 621.64, -634.98, "T", "SMD", "U1_1", "", "R", 9.84, 31.5, 0, 90],
		[136, "U1_2", 621.64, -615.3, "T", "SMD", "U1_2", "", "R", 9.84, 31.5, 0, 90],
		[137, "U1_3", 621.64, -595.61, "T", "SMD", "VCC3.3", "", "R", 9.84, 31.5, 0, 90],
		[138, "U1_4", 621.64, -575.93, "T", "SMD", "GND", "GND", "R", 9.84, 31.5, 0, 90],
		[139, "U1_5", 621.64, -556.24, "T", "SMD", "$1N8804", "", "R", 9.84, 31.5, 0, 90],
		[140, "U1_6", 621.64, -536.56, "T", "SMD", "GND", "GND", "R", 9.84, 31.5, 0, 90],
		[141, "U1_7", 621.64, -516.87, "T", "SMD", "GND", "GND", "R", 9.84, 31.5, 0, 90],
		[142, "U1_8", 668.88, -500.62, "T", "SMD", "$1N8341", "", "R", 9.84, 31.5, 0, 180],
		[143, "U1_9", 716.12, -516.87, "T", "SMD", "$1N8349", "", "R", 9.84, 31.5, 0, 270],
		[144, "U1_10", 716.12, -536.56, "T", "SMD", "$1N8356", "", "R", 9.84, 31.5, 0, 270],
		[145, "U1_11", 716.12, -556.24, "T", "SMD", "VCC3.3", "", "R", 9.84, 31.5, 0, 270],
		[146, "U1_12", 716.12, -575.93, "T", "SMD", "INT1_GYRO", "", "R", 9.84, 31.5, 0, 270],
		[147, "U1_13", 716.12, -595.61, "T", "SMD", "U1_13", "", "R", 9.84, 31.5, 0, 270],
		[148, "U1_14", 716.12, -615.3, "T", "SMD", "$1N8768", "", "R", 9.84, 31.5, 0, 270],
		[149, "U1_15", 716.12, -634.98, "T", "SMD", "$1N8356", "", "R", 9.84, 31.5, 0, 270],
		[150, "U1_16", 668.88, -651.4, "T", "SMD", "INT1_ACC", "", "R", 9.84, 31.5, 0, 0],
		[151, "U2_1", 3057.32, -755, "T", "SMD", "PGND", "", "R", 157.48, 86.61, 0, 270],
		[152, "U2_2", 2722.67, -755, "T", "SMD", "VCC12V", "", "R", 157.48, 86.61, 0, 270],
		[153, "U2_3", 3057.32, -1445, "T", "SMD", "GND", "GND", "R", 157.48, 86.61, 0, 270],
		[154, "U2_4", 2722.67, -1445, "T", "SMD", "VCC", "", "R", 157.48, 86.61, 0, 270],
		[155, "U3_1", 1943.5, -1795, "T", "SMD", "CAN1_TX", "", "O", 22.38, 76.78, 0, 90],
		[156, "U3_2", 1943.5, -1845, "T", "SMD", "GND", "GND", "O", 22.38, 76.78, 0, 90],
		[157, "U3_3", 1943.5, -1895, "T", "SMD", "VCC", "", "O", 22.38, 76.78, 0, 90],
		[158, "U3_4", 1943.5, -1945, "T", "SMD", "CAN1_RX", "", "O", 22.38, 76.78, 0, 90],
		[159, "U3_5", 2156.5, -1945, "T", "SMD", "U3_5", "", "O", 22.38, 76.78, 0, 90],
		[160, "U3_6", 2156.5, -1895, "T", "SMD", "CAN1_L", "", "O", 22.38, 76.78, 0, 90],
		[161, "U3_7", 2156.5, -1845, "T", "SMD", "CAN1_H", "", "O", 22.38, 76.78, 0, 90],
		[162, "U3_8", 2156.5, -1795, "T", "SMD", "GND", "GND", "O", 22.38, 76.78, 0, 90],
		[163, "U5_1", 1246.5, -1945, "T", "SMD", "CAN2_TX", "", "O", 22.38, 76.78, 0, 270],
		[164, "U5_2", 1246.5, -1895, "T", "SMD", "GND", "GND", "O", 22.38, 76.78, 0, 270],
		[165, "U5_3", 1246.5, -1845, "T", "SMD", "VCC", "", "O", 22.38, 76.78, 0, 270],
		[166, "U5_4", 1246.5, -1795, "T", "SMD", "CAN2_RX", "", "O", 22.38, 76.78, 0, 270],
		[167, "U5_5", 1033.5, -1795, "T", "SMD", "U5_5", "", "O", 22.38, 76.78, 0, 270],
		[168, "U5_6", 1033.5, -1845, "T", "SMD", "CAN2_L", "", "O", 22.38, 76.78, 0, 270],
		[169, "U5_7", 1033.5, -1895, "T", "SMD", "CAN2_H", "", "O", 22.38, 76.78, 0, 270],
		[170, "U5_8", 1033.5, -1945, "T", "SMD", "GND", "GND", "O", 22.38, 76.78, 0, 270],
		[171, "U6_1", 2496.92, -1300.55, "T", "SMD", "GND", "GND", "R", 98.42, 43.31, 0, 0],
		[172, "U6_2", 2496.92, -1210, "T", "SMD", "VCC3.3", "", "R", 98.42, 43.31, 0, 0],
		[173, "U6_3", 2496.92, -1119.45, "T", "SMD", "VCC", "", "R", 98.42, 43.31, 0, 0],
		[174, "U6_4", 2263.07, -1210, "T", "SMD", "VCC3.3", "", "R", 92.13, 141.73, 0, 0],
		[175, "U8_1", 2556.18, -2167.99, "T", "SMD", "VCC", "", "R", 23.62, 66.93, 0, 180],
		[176, "U8_2", 2605.39, -2167.99, "T", "SMD", "GND", "GND", "R", 23.62, 66.93, 0, 180],
		[177, "U8_3", 2654.61, -2167.99, "T", "SMD", "CAN1_H", "", "R", 23.62, 66.93, 0, 180],
		[178, "U8_4", 2703.82, -2167.99, "T", "SMD", "CAN1_L", "", "R", 23.62, 66.93, 0, 180],
		[179, "U8_5", 2776.66, -2292.01, "T", "SMD", "GND", "GND", "R", 39.37, 110.24, 0, 180],
		[180, "U8_6", 2483.34, -2292.01, "T", "SMD", "GND", "GND", "R", 39.37, 110.24, 0, 180],
		[181, "U9_1", 212.01, -1526.19, "T", "SMD", "USART1_RX", "", "R", 23.62, 66.93, 0, 90],
		[182, "U9_2", 212.01, -1575.39, "T", "SMD", "USART1_TX", "", "R", 23.62, 66.93, 0, 90],
		[183, "U9_3", 212.01, -1624.61, "T", "SMD", "GND", "GND", "R", 23.62, 66.93, 0, 90],
		[184, "U9_4", 212.01, -1673.81, "T", "SMD", "VCC", "", "R", 23.62, 66.93, 0, 90],
		[185, "U9_5", 87.99, -1746.66, "T", "SMD", "GND", "GND", "R", 39.37, 110.24, 0, 90],
		[186, "U9_6", 87.99, -1453.34, "T", "SMD", "GND", "GND", "R", 39.37, 110.24, 0, 90],
		[187, "U10_1", 436.18, -2167.99, "T", "SMD", "VCC", "", "R", 23.62, 66.93, 0, 180],
		[188, "U10_2", 485.39, -2167.99, "T", "SMD", "GND", "GND", "R", 23.62, 66.93, 0, 180],
		[189, "U10_3", 534.61, -2167.99, "T", "SMD", "CAN2_H", "", "R", 23.62, 66.93, 0, 180],
		[190, "U10_4", 583.82, -2167.99, "T", "SMD", "CAN2_L", "", "R", 23.62, 66.93, 0, 180],
		[191, "U10_5", 656.65, -2292.01, "T", "SMD", "GND", "GND", "R", 39.37, 110.24, 0, 180],
		[192, "U10_6", 363.34, -2292.01, "T", "SMD", "GND", "GND", "R", 39.37, 110.24, 0, 180],
		[193, "U11_1", 1513.81, -192.01, "T", "SMD", "USART2_RX", "", "R", 23.62, 66.93, 0, 0],
		[194, "U11_2", 1464.61, -192.01, "T", "SMD", "USART2_TX", "", "R", 23.62, 66.93, 0, 0],
		[195, "U11_3", 1415.39, -192.01, "T", "SMD", "GND", "GND", "R", 23.62, 66.93, 0, 0],
		[196, "U11_4", 1366.19, -192.01, "T", "SMD", "VCC", "", "R", 23.62, 66.93, 0, 0],
		[197, "U11_5", 1293.34, -67.99, "T", "SMD", "GND", "GND", "R", 39.37, 110.24, 0, 0],
		[198, "U11_6", 1586.66, -67.99, "T", "SMD", "GND", "GND", "R", 39.37, 110.24, 0, 0],
		[199, "U12_1", 597.76, -186.77, "T", "SMD", "VCC", "", "R", 23.62, 66.93, 0, 180],
		[200, "U12_2", 548.55, -186.77, "T", "SMD", "GND", "GND", "R", 23.62, 66.93, 0, 180],
		[201, "U12_3", 499.34, -186.77, "T", "SMD", "I2C1_SCL", "", "R", 23.62, 66.93, 0, 180],
		[202, "U12_4", 450.13, -186.77, "T", "SMD", "I2C1_SDA", "", "R", 23.62, 66.93, 0, 180],
		[203, "U12_5", 377.29, -62.75, "T", "SMD", "GND", "GND", "R", 39.37, 110.24, 0, 180],
		[204, "U12_6", 670.6, -62.75, "T", "SMD", "GND", "GND", "R", 39.37, 110.24, 0, 180],
		[205, "U13_1", 2957.99, -1913.81, "T", "SMD", "SBUS", "", "R", 23.62, 66.93, 0, 270],
		[206, "U13_2", 2957.99, -1864.61, "T", "SMD", "USART3_TX", "", "R", 23.62, 66.93, 0, 270],
		[207, "U13_3", 2957.99, -1815.39, "T", "SMD", "GND", "GND", "R", 23.62, 66.93, 0, 270],
		[208, "U13_4", 2957.99, -1766.19, "T", "SMD", "VCC", "", "R", 23.62, 66.93, 0, 270],
		[209, "U13_5", 3082.01, -1693.34, "T", "SMD", "GND", "GND", "R", 39.37, 110.24, 0, 270],
		[210, "U13_6", 3082.01, -1986.66, "T", "SMD", "GND", "GND", "R", 39.37, 110.24, 0, 270],
		[211, "U14_1", 955.37, -183.83, "T", "SMD", "VCC", "", "R", 23.62, 66.93, 0, 180],
		[212, "U14_2", 906.16, -183.83, "T", "SMD", "GND", "GND", "R", 23.62, 66.93, 0, 180],
		[213, "U14_3", 856.95, -183.83, "T", "SMD", "I2C2_SCL", "", "R", 23.62, 66.93, 0, 180],
		[214, "U14_4", 807.74, -183.83, "T", "SMD", "I2C2_SDA", "", "R", 23.62, 66.93, 0, 180],
		[215, "U14_5", 734.9, -59.81, "T", "SMD", "GND", "GND", "R", 39.37, 110.24, 0, 180],
		[216, "U14_6", 1028.21, -59.81, "T", "SMD", "GND", "GND", "R", 39.37, 110.24, 0, 180],
		[217, "U15_1", 202.01, -416.18, "T", "SMD", "GND", "GND", "R", 23.62, 66.93, 0, 270],
		[218, "U15_2", 202.01, -465.4, "T", "SMD", "SWCLK", "", "R", 23.62, 66.93, 0, 270],
		[219, "U15_3", 202.01, -514.61, "T", "SMD", "SWDIO", "", "R", 23.62, 66.93, 0, 270],
		[220, "U15_4", 202.01, -563.82, "T", "SMD", "VCC3.3", "", "R", 23.62, 66.93, 0, 270],
		[221, "U15_5", 77.99, -636.65, "T", "SMD", "GND", "GND", "R", 39.37, 110.24, 0, 270],
		[222, "U15_6", 77.99, -343.34, "T", "SMD", "GND", "GND", "R", 39.37, 110.24, 0, 270],
		[223, "U16_1", 1722.44, -797.25, "T", "SMD", "VCC3.3", "", "O", 11.81, 78.74, 0, 180],
		[224, "U16_2", 1702.75, -797.25, "T", "SMD", "U16_2", "", "O", 11.81, 78.74, 0, 180],
		[225, "U16_3", 1683.07, -797.25, "T", "SMD", "U16_3", "", "O", 11.81, 78.74, 0, 180],
		[226, "U16_4", 1663.38, -797.25, "T", "SMD", "U16_4", "", "O", 11.81, 78.74, 0, 180],
		[227, "U16_5", 1643.7, -797.25, "T", "SMD", "OSC_IN", "", "O", 11.81, 78.74, 0, 180],
		[228, "U16_6", 1624.01, -797.25, "T", "SMD", "OSC_OUT", "", "O", 11.81, 78.74, 0, 180],
		[229, "U16_7", 1604.33, -797.25, "T", "SMD", "NRST", "", "O", 11.81, 78.74, 0, 180],
		[230, "U16_8", 1584.64, -797.25, "T", "SMD", "U16_8", "", "O", 11.81, 78.74, 0, 180],
		[231, "U16_9", 1564.96, -797.25, "T", "SMD", "U16_9", "", "O", 11.81, 78.74, 0, 180],
		[232, "U16_10", 1545.27, -797.25, "T", "SMD", "U16_10", "", "O", 11.81, 78.74, 0, 180],
		[233, "U16_11", 1525.59, -797.25, "T", "SMD", "U16_11", "", "O", 11.81, 78.74, 0, 180],
		[234, "U16_12", 1505.9, -797.25, "T", "SMD", "GND", "GND", "O", 11.81, 78.74, 0, 180],
		[235, "U16_13", 1486.22, -797.25, "T", "SMD", "VCC3.3", "", "O", 11.81, 78.74, 0, 180],
		[236, "U16_14", 1466.53, -797.25, "T", "SMD", "TIM5_CH1", "", "O", 11.81, 78.74, 0, 180],
		[237, "U16_15", 1446.85, -797.25, "T", "SMD", "CS1_GRYO", "", "O", 11.81, 78.74, 0, 180],
		[238, "U16_16", 1427.16, -797.25, "T", "SMD", "USART2_TX", "", "O", 11.81, 78.74, 0, 180],
		[239, "U16_17", 1348.43, -875.98, "T", "SMD", "USART2_RX", "", "O", 78.74, 11.81, 0, 180],
		[240, "U16_18", 1348.43, -895.67, "T", "SMD", "GND", "GND", "O", 78.74, 11.81, 0, 180],
		[241, "U16_19", 1348.43, -915.35, "T", "SMD", "VCC3.3", "", "O", 78.74, 11.81, 0, 180],
		[242, "U16_20", 1348.43, -935.04, "T", "SMD", "CS1_ACC", "", "O", 78.74, 11.81, 0, 180],
		[243, "U16_21", 1348.43, -954.72, "T", "SMD", "SPI1_SCK", "", "O", 78.74, 11.81, 0, 180],
		[244, "U16_22", 1348.43, -974.41, "T", "SMD", "SPI1_MISO", "", "O", 78.74, 11.81, 0, 180],
		[245, "U16_23", 1348.43, -994.09, "T", "SMD", "SPI1_MOSI", "", "O", 78.74, 11.81, 0, 180],
		[246, "U16_24", 1348.43, -1013.78, "T", "SMD", "INT1_ACC", "", "O", 78.74, 11.81, 0, 180],
		[247, "U16_25", 1348.43, -1033.46, "T", "SMD", "INT1_GYRO", "", "O", 78.74, 11.81, 0, 180],
		[248, "U16_26", 1348.43, -1053.15, "T", "SMD", "U16_26", "", "O", 78.74, 11.81, 0, 180],
		[249, "U16_27", 1348.43, -1072.83, "T", "SMD", "U16_27", "", "O", 78.74, 11.81, 0, 180],
		[250, "U16_28", 1348.43, -1092.52, "T", "SMD", "GND", "GND", "O", 78.74, 11.81, 0, 180],
		[251, "U16_29", 1348.43, -1112.2, "T", "SMD", "I2C2_SCL", "", "O", 78.74, 11.81, 0, 180],
		[252, "U16_30", 1348.43, -1131.89, "T", "SMD", "I2C2_SDA", "", "O", 78.74, 11.81, 0, 180],
		[253, "U16_31", 1348.43, -1151.57, "T", "SMD", "$1N19", "", "O", 78.74, 11.81, 0, 180],
		[254, "U16_32", 1348.43, -1171.26, "T", "SMD", "VCC3.3", "", "O", 78.74, 11.81, 0, 180],
		[255, "U16_33", 1427.16, -1249.99, "T", "SMD", "CAN2_RX", "", "O", 11.81, 78.74, 0, 180],
		[256, "U16_34", 1446.85, -1249.99, "T", "SMD", "CAN2_TX", "", "O", 11.81, 78.74, 0, 180],
		[257, "U16_35", 1466.53, -1249.99, "T", "SMD", "U16_35", "", "O", 11.81, 78.74, 0, 180],
		[258, "U16_36", 1486.22, -1249.99, "T", "SMD", "U16_36", "", "O", 11.81, 78.74, 0, 180],
		[259, "U16_37", 1505.9, -1249.99, "T", "SMD", "U16_37", "", "O", 11.81, 78.74, 0, 180],
		[260, "U16_38", 1525.59, -1249.99, "T", "SMD", "TIM8_CH2", "", "O", 11.81, 78.74, 0, 180],
		[261, "U16_39", 1545.27, -1249.99, "T", "SMD", "U16_39", "", "O", 11.81, 78.74, 0, 180],
		[262, "U16_40", 1564.96, -1249.99, "T", "SMD", "U16_40", "", "O", 11.81, 78.74, 0, 180],
		[263, "U16_41", 1584.64, -1249.99, "T", "SMD", "U16_41", "", "O", 11.81, 78.74, 0, 180],
		[264, "U16_42", 1604.33, -1249.99, "T", "SMD", "USART1_TX", "", "O", 11.81, 78.74, 0, 180],
		[265, "U16_43", 1624.01, -1249.99, "T", "SMD", "USART1_RX", "", "O", 11.81, 78.74, 0, 180],
		[266, "U16_44", 1643.7, -1249.99, "T", "SMD", "USB_DM", "", "O", 11.81, 78.74, 0, 180],
		[267, "U16_45", 1663.38, -1249.99, "T", "SMD", "USB_DP", "", "O", 11.81, 78.74, 0, 180],
		[268, "U16_46", 1683.07, -1249.99, "T", "SMD", "SWDIO", "", "O", 11.81, 78.74, 0, 180],
		[269, "U16_47", 1702.75, -1249.99, "T", "SMD", "$1N20", "", "O", 11.81, 78.74, 0, 180],
		[270, "U16_48", 1722.44, -1249.99, "T", "SMD", "VCC3.3", "", "O", 11.81, 78.74, 0, 180],
		[271, "U16_49", 1801.17, -1171.26, "T", "SMD", "SWCLK", "", "O", 78.74, 11.81, 0, 180],
		[272, "U16_50", 1801.17, -1151.57, "T", "SMD", "TIM2_CH1", "", "O", 78.74, 11.81, 0, 180],
		[273, "U16_51", 1801.17, -1131.89, "T", "SMD", "USART3_TX", "", "O", 78.74, 11.81, 0, 180],
		[274, "U16_52", 1801.17, -1112.2, "T", "SMD", "USART3_RX", "", "O", 78.74, 11.81, 0, 180],
		[275, "U16_53", 1801.17, -1092.52, "T", "SMD", "U16_53", "", "O", 78.74, 11.81, 0, 180],
		[276, "U16_54", 1801.17, -1072.83, "T", "SMD", "U16_54", "", "O", 78.74, 11.81, 0, 180],
		[277, "U16_55", 1801.17, -1053.15, "T", "SMD", "TIM2_CH2", "", "O", 78.74, 11.81, 0, 180],
		[278, "U16_56", 1801.17, -1033.46, "T", "SMD", "TIM3_CH1", "", "O", 78.74, 11.81, 0, 180],
		[279, "U16_57", 1801.17, -1013.78, "T", "SMD", "TIM3_CH2", "", "O", 78.74, 11.81, 0, 180],
		[280, "U16_58", 1801.17, -994.09, "T", "SMD", "I2C1_SCL", "", "O", 78.74, 11.81, 0, 180],
		[281, "U16_59", 1801.17, -974.41, "T", "SMD", "I2C1_SDA", "", "O", 78.74, 11.81, 0, 180],
		[282, "U16_60", 1801.17, -954.72, "T", "SMD", "GND", "GND", "O", 78.74, 11.81, 0, 180],
		[283, "U16_61", 1801.17, -935.04, "T", "SMD", "CAN1_RX", "", "O", 78.74, 11.81, 0, 180],
		[284, "U16_62", 1801.17, -915.35, "T", "SMD", "CAN1_TX", "", "O", 78.74, 11.81, 0, 180],
		[285, "U16_63", 1801.17, -895.67, "T", "SMD", "GND", "GND", "O", 78.74, 11.81, 0, 180],
		[286, "U16_64", 1801.17, -875.98, "T", "SMD", "VCC3.3", "", "O", 78.74, 11.81, 0, 180],
		[287, "U17_1", 2037.44, -2167.99, "T", "SMD", "VCC", "", "R", 23.62, 66.93, 0, 180],
		[288, "U17_2", 2086.65, -2167.99, "T", "SMD", "GND", "GND", "R", 23.62, 66.93, 0, 180],
		[289, "U17_3", 2135.86, -2167.99, "T", "SMD", "CAN1_H", "", "R", 23.62, 66.93, 0, 180],
		[290, "U17_4", 2185.07, -2167.99, "T", "SMD", "CAN1_L", "", "R", 23.62, 66.93, 0, 180],
		[291, "U17_5", 2257.91, -2292.01, "T", "SMD", "GND", "GND", "R", 39.37, 110.24, 0, 180],
		[292, "U17_6", 1964.6, -2292.01, "T", "SMD", "GND", "GND", "R", 39.37, 110.24, 0, 180],
		[293, "U18_1", 954.93, -2167.99, "T", "SMD", "VCC", "", "R", 23.62, 66.93, 0, 180],
		[294, "U18_2", 1004.14, -2167.99, "T", "SMD", "GND", "GND", "R", 23.62, 66.93, 0, 180],
		[295, "U18_3", 1053.35, -2167.99, "T", "SMD", "CAN2_H", "", "R", 23.62, 66.93, 0, 180],
		[296, "U18_4", 1102.56, -2167.99, "T", "SMD", "CAN2_L", "", "R", 23.62, 66.93, 0, 180],
		[297, "U18_5", 1175.4, -2292.01, "T", "SMD", "GND", "GND", "R", 39.37, 110.24, 0, 180],
		[298, "U18_6", 882.09, -2292.01, "T", "SMD", "GND", "GND", "R", 39.37, 110.24, 0, 180],
		[299, "USB1_1", 1399.92, -2208.76, "T", "DIP", "GND", "GND", "O", 39.37, 70.87, 55.12, 0],
		[300, "USB1_1", 1399.92, -2208.76, "B", "DIP", "GND", "GND", "O", 39.37, 70.87, 55.12, 0],
		[301, "USB1_1", 1740.08, -2208.76, "T", "DIP", "GND", "GND", "O", 39.37, 70.87, 55.12, 0],
		[302, "USB1_1", 1740.08, -2208.76, "B", "DIP", "GND", "GND", "O", 39.37, 70.87, 55.12, 0],
		[303, "USB1_1", 1740.08, -2043.4, "T", "DIP", "GND", "GND", "O", 39.37, 78.74, 66.93, 0],
		[304, "USB1_1", 1740.08, -2043.4, "B", "DIP", "GND", "GND", "O", 39.37, 78.74, 66.93, 0],
		[305, "USB1_1", 1399.92, -2043.41, "T", "DIP", "GND", "GND", "O", 39.37, 78.74, 66.93, 0],
		[306, "USB1_1", 1399.92, -2043.41, "B", "DIP", "GND", "GND", "O", 39.37, 78.74, 66.93, 0],
		[307, "USB1_A1", 1444.02, -2021.07, "T", "SMD", "GND", "GND", "R", 19.68, 44.88, 0, 0],
		[308, "USB1_A12", 1695.98, -2021.07, "T", "SMD", "GND", "GND", "R", 19.68, 44.88, 0, 0],
		[309, "USB1_A4", 1475.51, -2021.07, "T", "SMD", "VCC", "", "R", 19.68, 44.88, 0, 0],
		[310, "USB1_A5", 1520.79, -2021.07, "T", "SMD", "$1N7742", "", "R", 11.81, 44.88, 0, 0],
		[311, "USB1_A6", 1560.16, -2021.07, "T", "SMD", "USB_DP", "", "R", 11.81, 44.88, 0, 0],
		[312, "USB1_A7", 1579.84, -2021.07, "T", "SMD", "USB_DM", "", "R", 11.81, 44.88, 0, 0],
		[313, "USB1_A8", 1619.2, -2021.04, "T", "SMD", "USB1_A8", "", "R", 11.81, 44.88, 0, 0],
		[314, "USB1_A9", 1664.49, -2021.07, "T", "SMD", "VCC", "", "R", 19.68, 44.88, 0, 0],
		[315, "USB1_B5", 1638.9, -2021.07, "T", "SMD", "$1N7746", "", "R", 11.81, 44.88, 0, 0],
		[316, "USB1_B6", 1599.53, -2021.07, "T", "SMD", "USB_DP", "", "R", 11.81, 44.88, 0, 0],
		[317, "USB1_B7", 1540.47, -2021.07, "T", "SMD", "USB_DM", "", "R", 11.81, 44.88, 0, 0],
		[318, "USB1_B8", 1501.1, -2021.04, "T", "SMD", "USB1_B8", "", "R", 11.81, 44.88, 0, 0],
		[319, "X1_1", 1530.53, -531.75, "T", "DIP", "OSC_OUT", "", "R", 59.05, 59.05, 35.43, 0],
		[320, "X1_1", 1530.53, -531.75, "B", "DIP", "OSC_OUT", "", "R", 59.05, 59.05, 35.43, 0],
		[321, "X1_2", 1722.65, -531.75, "T", "DIP", "OSC_IN", "", "C", 59.05, 59.05, 35.43, 0],
		[322, "X1_2", 1722.65, -531.75, "B", "DIP", "OSC_IN", "", "C", 59.05, 59.05, 35.43, 0]
	]
}
}