{
"lengthUnit": "mil",
"components": {
	"fields": ["COMPONENT_NO", "COMPONENT_NAME", "LAYER", "X_COORDINATE", "Y_COORDINATE", "ANGLE"],
	"rows": [
		[1, "C1", "T", 938.56, -1700.44, 90],
		[2, "C2", "T", 834.99, -1188.96, 0],
		[3, "C3", "T", 1367.47, -1235.59, 90],
		[4, "C4", "T", 1376.22, -1702.52, 90],
		[5, "C5", "T", 834.05, -1508.96, 0],
		[6, "C6", "T", 835.83, -1578.96, 0],
		[7, "C7", "T", 1329.95, -2251.4, 270],
		[8, "C8", "T", 1281.31, -1703.15, 270],
		[9, "C9", "T", 1228.02, -520.45, 180],
		[10, "C10", "T", 2501.26, -525.57, 180],
		[11, "C11", "T", 1227.44, -417.56, 270],
		[12, "C12", "T", 2500.52, -403.36, 270],
		[13, "C13", "T", 1120.56, -628.6, 90],
		[14, "C14", "T", 2410.64, -628.6, 90],
		[15, "C15", "T", 2370.31, -1596.54, 270],
		[16, "C16", "T", 2185, -1625, 90],
		[17, "C17", "T", 1620, -1615, 270],
		[18, "C18", "T", 1755, -1405, 180],
		[19, "C19", "T", 867.44, -1852.44, 90],
		[20, "C20", "T", 455, -635, 270],
		[21, "C21", "T", 1730, -630, 270],
		[22, "C22", "T", 633.11, -758.09, 270],
		[23, "C23", "T", 1931.64, -758.09, 270],
		[24, "CN1", "T", 2915, -935, 90],
		[25, "CN2", "T", 2575, -2125, 0],
		[26, "CN3", "T", 2620, -1610, 180],
		[27, "D1", "T", 2280, -1180, 90],
		[28, "D2", "T", 2105, -1180, 90],
		[29, "D3", "T", 2403.53, -1211.48, 270],
		[30, "D4", "T", 63.53, -451.48, 270],
		[31, "D5", "T", 275.14, -1248.26, 90],
		[32, "H1", "T", 945, -300, 180],
		[33, "H2", "T", 2230, -300, 180],
		[34, "Q1", "T", 195, -430, 270],
		[35, "Q2", "T", 340, -1120, 180],
		[36, "R1", "T", 1220.82, -2180.86, 180],
		[37, "R2", "T", 609.37, -1999.37, 0],
		[38, "R3", "T", 662.55, -854.6, 0],
		[39, "R4", "T", 1863.74, -824.94, 270],
		[40, "R5", "T", 1350.48, -208.2, 270],
		[41, "R6", "T", 2635.46, -209.54, 270],
		[42, "R7", "T", 1184.71, -208.2, 270],
		[43, "R8", "T", 2470.46, -209.54, 270],
		[44, "R9", "T", 2403.22, -1071.88, 90],
		[45, "R10", "T", 705, -208.2, 270],
		[46, "R11", "T", 1989.77, -208.23, 270],
		[47, "R12", "T", 545, -208.2, 270],
		[48, "R13", "T", 1824.77, -208.23, 270],
		[49, "R14", "T", 104.62, -345.9, 0],
		[50, "R15", "T", 275, -1385, 270],
		[51, "R16", "T", 198.6, -545.8, 180],
		[52, "R17", "T", 380, -1271.26, 270],
		[53, "SCREW1", "T", 157.48, -2204.72, 0],
		[54, "SCREW2", "T", 157.48, -157.48, 0],
		[55, "SCREW3", "T", 2992.13, -157.48, 0],
		[56, "SCREW4", "T", 2992.13, -2204.72, 0],
		[57, "SW1", "T", 1165, -2280, 0],
		[58, "SW2", "T", 910, -2000, 270],
		[59, "U1", "T", 1115, -1355, 0],
		[60, "U2", "T", 130, -1850, 270],
		[61, "U3", "T", 1835, -2095, 180],
		[62, "U4", "T", 883, -625, 180],
		[63, "U5", "T", 2175, -625, 180],
		[64, "U6", "T", 1900, -1605, 270],
		[65, "U7", "T", 690, -1800, 0],
		[66, "U8", "T", 875, -2225, 0],
		[67, "U9", "T", 465, -2225, 0],
		[68, "U10", "T", 1520, -215, 180],
		[69, "U11", "T", 2790, -215, 180],
		[70, "U12", "T", 130, -1495, 270],
		[71, "U13", "T", 130, -795, 270],
		[72, "U14", "T", 130, -1140, 270],
		[73, "U15", "T", 385, -215, 180],
		[74, "U16", "T", 1665, -215, 180],
		[75, "X1", "T", 1115, -1680, 0]
	]
},
"pins": {
	"fields": ["PIN_NO", "PIN_NAME", "PIN_X", "PIN_Y", "LAYER", "PIN_TYPE", "NET_NAME", "NET_TYPE", "PAD_SHAPE", "PAD_SIZEX", "PAD_SIZEY", "HOLE_SIZE", "PAD_ANGLE"],
	"rows": [
		[1, "C1_1", 938.56, -1728, "T", "SMD", "OSC_IN", "", "R", 31.5, 35.43, 0, 90],
		[2, "C1_2", 938.56, -1672.88, "T", "SMD", "GND", "GND", "R", 31.5, 35.43, 0, 90],
		[3, "C2_1", 807.43, -1188.96, "T", "SMD", "GND", "GND", "R", 31.5, 35.43, 0, 0],
		[4, "C2_2", 862.55, -1188.96, "T", "SMD", "VCC3.3", "", "R", 31.5, 35.43, 0, 0],
		[5, "C3_1", 1367.47, -1263.15, "T", "SMD", "GND", "GND", "R", 31.5, 35.43, 0, 90],
		[6, "C3_2", 1367.47, -1208.03, "T", "SMD", "VCC3.3", "", "R", 31.5, 35.43, 0, 90],
		[7, "C4_1", 1376.22, -1730.08, "T", "SMD", "GND", "GND", "R", 31.5, 35.43, 0, 90],
		[8, "C4_2", 1376.22, -1674.96, "T", "SMD", "VCC3.3", "", "R", 31.5, 35.43, 0, 90],
		[9, "C5_1", 806.49, -1508.96, "T", "SMD", "GND", "GND", "R", 31.5, 35.43, 0, 0],
		[10, "C5_2", 861.61, -1508.96, "T", "SMD", "VCC3.3", "", "R", 31.5, 35.43, 0, 0],
		[11, "C6_1", 808.27, -1578.96, "T", "SMD", "GND", "GND", "R", 31.5, 35.43, 0, 0],
		[12, "C6_2", 863.39, -1578.96, "T", "SMD", "VCC3.3", "", "R", 31.5, 35.43, 0, 0],
		[13, "C7_1", 1329.95, -2223.84, "T", "SMD", "GND", "GND", "R", 31.5, 35.43, 0, 270],
		[14, "C7_2", 1329.95, -2278.96, "T", "SMD", "NRST", "", "R", 31.5, 35.43, 0, 270],
		[15, "C8_1", 1281.31, -1675.59, "T", "SMD", "OSC_OUT", "", "R", 31.5, 35.43, 0, 270],
		[16, "C8_2", 1281.31, -1730.71, "T", "SMD", "GND", "GND", "R", 31.5, 35.43, 0, 270],
		[17, "C9_1", 1255.58, -520.45, "T", "SMD", "$1N7199", "", "R", 31.5, 35.43, 0, 180],
		[18, "C9_2", 1200.46, -520.45, "T", "SMD", "$1N7193", "", "R", 31.5, 35.43, 0, 180],
		[19, "C10_1", 2528.82, -525.57, "T", "SMD", "$1N8426", "", "R", 31.5, 35.43, 0, 180],
		[20, "C10_2", 2473.7, -525.57, "T", "SMD", "$1N8422", "", "R", 31.5, 35.43, 0, 180],
		[21, "C11_1", 1227.44, -390, "T", "SMD", "VCC12V", "", "R", 31.5, 35.43, 0, 270],
		[22, "C11_2", 1227.44, -445.12, "T", "SMD", "$1N7239", "", "R", 31.5, 35.43, 0, 270],
		[23, "C12_1", 2500.52, -375.8, "T", "SMD", "VCC12V", "", "R", 31.5, 35.43, 0, 270],
		[24, "C12_2", 2500.52, -430.92, "T", "SMD", "$1N8429", "", "R", 31.5, 35.43, 0, 270],
		[25, "C13_1", 1120.56, -656.16, "T", "SMD", "PGND", "", "R", 31.5, 35.43, 0, 90],
		[26, "C13_2", 1120.56, -601.04, "T", "SMD", "VCC12V", "", "R", 31.5, 35.43, 0, 90],
		[27, "C14_1", 2410.64, -656.16, "T", "SMD", "PGND", "", "R", 31.5, 35.43, 0, 90],
		[28, "C14_2", 2410.64, -601.04, "T", "SMD", "VCC12V", "", "R", 31.5, 35.43, 0, 90],
		[29, "C15_1", 2370.31, -1568.98, "T", "SMD", "GND", "GND", "R", 31.5, 35.43, 0, 270],
		[30, "C15_2", 2370.31, -1624.1, "T", "SMD", "VCC", "", "R", 31.5, 35.43, 0, 270],
		[31, "C16_1", 2185, -1730.12, "T", "SMD", "VCC", "", "R", 137.79, 47.24, 0, 90],
		[32, "C16_2", 2185, -1519.88, "T", "SMD", "GND", "GND", "R", 137.79, 47.24, 0, 90],
		[33, "C17_1", 1620, -1509.88, "T", "SMD", "VCC3.3", "", "R", 137.79, 47.24, 0, 270],
		[34, "C17_2", 1620, -1720.12, "T", "SMD", "GND", "GND", "R", 137.79, 47.24, 0, 270],
		[35, "C18_1", 1782.56, -1405, "T", "SMD", "GND", "GND", "R", 31.5, 35.43, 0, 180],
		[36, "C18_2", 1727.44, -1405, "T", "SMD", "VCC3.3", "", "R", 31.5, 35.43, 0, 180],
		[37, "C19_1", 867.44, -1880, "T", "SMD", "VCC", "", "R", 31.5, 35.43, 0, 270],
		[38, "C19_2", 867.44, -1824.88, "T", "SMD", "GND", "GND", "R", 31.5, 35.43, 0, 270],
		[39, "C20_1", 455, -529.88, "T", "SMD", "VCC12V", "", "R", 137.79, 47.24, 0, 270],
		[40, "C20_2", 455, -740.12, "T", "SMD", "PGND", "", "R", 137.79, 47.24, 0, 270],
		[41, "C21_1", 1730, -524.88, "T", "SMD", "VCC12V", "", "R", 137.79, 47.24, 0, 270],
		[42, "C21_2", 1730, -735.12, "T", "SMD", "PGND", "", "R", 137.79, 47.24, 0, 270],
		[43, "C22_1", 633.11, -730.53, "T", "SMD", "GND", "GND", "R", 31.5, 35.43, 0, 270],
		[44, "C22_2", 633.11, -785.65, "T", "SMD", "$1N7723", "", "R", 31.5, 35.43, 0, 270],
		[45, "C23_1", 1931.64, -730.53, "T", "SMD", "GND", "GND", "R", 31.5, 35.43, 0, 270],
		[46, "C23_2", 1931.64, -785.65, "T", "SMD", "$1N8490", "", "R", 31.5, 35.43, 0, 270],
		[47, "CN1_1", 2816.58, -1033.42, "T", "DIP", "PGND", "", "C", 98.42, 98.42, 66.93, 90],
		[48, "CN1_1", 2816.58, -1033.42, "B", "DIP", "PGND", "", "C", 98.42, 98.42, 66.93, 90],
		[49, "CN1_2", 2816.58, -836.58, "T", "DIP", "VCC12V", "", "C", 98.42, 98.42, 66.93, 90],
		[50, "CN1_2", 2816.58, -836.58, "B", "DIP", "VCC12V", "", "C", 98.42, 98.42, 66.93, 90],
		[51, "CN1_3", 3013.42, -718.46, "T", "DIP", "PGND", "", "C", 70.87, 70.87, 39.37, 90],
		[52, "CN1_3", 3013.42, -718.46, "B", "DIP", "PGND", "", "C", 70.87, 70.87, 39.37, 90],
		[53, "CN1_4", 3013.42, -1151.54, "T", "DIP", "PGND", "", "C", 70.87, 70.87, 39.37, 90],
		[54, "CN1_4", 3013.42, -1151.54, "B", "DIP", "PGND", "", "C", 70.87, 70.87, 39.37, 90],
		[55, "CN2_1", 2476.57, -2026.58, "T", "DIP", "PGND", "", "C", 98.42, 98.42, 66.93, 0],
		[56, "CN2_1", 2476.57, -2026.58, "B", "DIP", "PGND", "", "C", 98.42, 98.42, 66.93, 0],
		[57, "CN2_2", 2673.42, -2026.58, "T", "DIP", "VCC12V", "", "C", 98.42, 98.42, 66.93, 0],
		[58, "CN2_2", 2673.42, -2026.58, "B", "DIP", "VCC12V", "", "C", 98.42, 98.42, 66.93, 0],
		[59, "CN2_3", 2791.53, -2223.43, "T", "DIP", "PGND", "", "C", 70.87, 70.87, 39.37, 0],
		[60, "CN2_3", 2791.53, -2223.43, "B", "DIP", "PGND", "", "C", 70.87, 70.87, 39.37, 0],
		[61, "CN2_4", 2358.47, -2223.43, "T", "DIP", "PGND", "", "C", 70.87, 70.87, 39.37, 0],
		[62, "CN2_4", 2358.47, -2223.43, "B", "DIP", "PGND", "", "C", 70.87, 70.87, 39.37, 0],
		[63, "CN3_1", 2501.89, -1468.27, "T", "DIP", "PGND", "", "C", 149.61, 149.61, 114.17, 270],
		[64, "CN3_1", 2501.89, -1468.27, "B", "DIP", "PGND", "", "C", 149.61, 149.61, 114.17, 270],
		[65, "CN3_2", 2501.89, -1751.73, "T", "DIP", "VCC12V", "", "C", 149.61, 149.61, 114.17, 270],
		[66, "CN3_2", 2501.89, -1751.73, "B", "DIP", "VCC12V", "", "C", 149.61, 149.61, 114.17, 270],
		[67, "CN3_3", 2738.11, -1875.75, "T", "DIP", "PGND", "", "O", 47.24, 86.61, 62.99, 270],
		[68, "CN3_3", 2738.11, -1875.75, "B", "DIP", "PGND", "", "O", 47.24, 86.61, 62.99, 270],
		[69, "CN3_4", 2738.11, -1344.25, "T", "DIP", "PGND", "", "O", 47.24, 86.61, 62.99, 270],
		[70, "CN3_4", 2738.11, -1344.25, "B", "DIP", "PGND", "", "O", 47.24, 86.61, 62.99, 270],
		[71, "D1_1", 2280, -1272.94, "T", "SMD", "VCC", "", "R", 80.61, 86.31, 0, 90],
		[72, "D1_2", 2280, -1087.06, "T", "SMD", "GND", "GND", "R", 80.61, 86.31, 0, 90],
		[73, "D2_1", 2105, -1272.94, "T", "SMD", "VCC3.3", "", "R", 80.61, 86.31, 0, 90],
		[74, "D2_2", 2105, -1087.06, "T", "SMD", "GND", "GND", "R", 80.61, 86.31, 0, 90],
		[75, "D3_1", 2403.53, -1180.01, "T", "SMD", "$1N11780", "", "R", 31.5, 31.5, 0, 0],
		[76, "D3_2", 2403.53, -1242.95, "T", "SMD", "VCC", "", "R", 31.5, 31.5, 0, 0],
		[77, "D4_1", 63.52, -420, "T", "SMD", "$1N12055", "", "R", 31.5, 31.5, 0, 0],
		[78, "D4_2", 63.53, -482.96, "T", "SMD", "VCC", "", "R", 31.5, 31.5, 0, 0],
		[79, "D5_1", 275.15, -1279.74, "T", "SMD", "$1N11916", "", "R", 31.5, 31.5, 0, 180],
		[80, "D5_2", 275.14, -1216.79, "T", "SMD", "VCC", "", "R", 31.5, 31.5, 0, 180],
		[81, "H1_1", 1045, -300, "T", "DIP", "M1_A", "", "C", 66.93, 66.93, 43.31, 180],
		[82, "H1_1", 1045, -300, "B", "DIP", "M1_A", "", "C", 66.93, 66.93, 43.31, 180],
		[83, "H1_2", 945, -300, "T", "DIP", "M1_B", "", "C", 66.93, 66.93, 43.31, 180],
		[84, "H1_2", 945, -300, "B", "DIP", "M1_B", "", "C", 66.93, 66.93, 43.31, 180],
		[85, "H1_3", 845, -300, "T", "DIP", "M1_C", "", "C", 66.93, 66.93, 43.31, 180],
		[86, "H1_3", 845, -300, "B", "DIP", "M1_C", "", "C", 66.93, 66.93, 43.31, 180],
		[87, "H2_1", 2330, -300, "T", "DIP", "M2_A", "", "C", 66.93, 66.93, 43.31, 180],
		[88, "H2_1", 2330, -300, "B", "DIP", "M2_A", "", "C", 66.93, 66.93, 43.31, 180],
		[89, "H2_2", 2230, -300, "T", "DIP", "M2_B", "", "C", 66.93, 66.93, 43.31, 180],
		[90, "H2_2", 2230, -300, "B", "DIP", "M2_B", "", "C", 66.93, 66.93, 43.31, 180],
		[91, "H2_3", 2130, -300, "T", "DIP", "M2_C", "", "C", 66.93, 66.93, 43.31, 180],
		[92, "H2_3", 2130, -300, "B", "DIP", "M2_C", "", "C", 66.93, 66.93, 43.31, 180],
		[93, "Q1_1", 157.6, -473.36, "T", "SMD", "$1N12058", "", "R", 40.85, 20.95, 0, 270],
		[94, "Q1_2", 232.4, -473.36, "T", "SMD", "GND", "GND", "R", 40.85, 20.95, 0, 270],
		[95, "Q1_3", 195, -386.64, "T", "SMD", "$1N12054", "", "R", 40.85, 20.95, 0, 270],
		[96, "Q2_1", 296.64, -1082.6, "T", "SMD", "$1N11923", "", "R", 40.85, 20.95, 0, 180],
		[97, "Q2_2", 296.64, -1157.4, "T", "SMD", "GND", "GND", "R", 40.85, 20.95, 0, 180],
		[98, "Q2_3", 383.36, -1120, "T", "SMD", "$1N11915", "", "R", 40.85, 20.95, 0, 180],
		[99, "R1_1", 1250.48, -2180.86, "T", "SMD", "NRST", "", "R", 31.75, 34.02, 0, 180],
		[100, "R1_2", 1191.16, -2180.86, "T", "SMD", "VCC3.3", "", "R", 31.75, 34.02, 0, 180],
		[101, "R2_1", 570, -1999.37, "T", "SMD", "$1N3655", "", "R", 44.59, 54.21, 0, 180],
		[102, "R2_2", 648.74, -1999.37, "T", "SMD", "CAN_H", "", "R", 44.59, 54.21, 0, 180],
		[103, "R3_1", 632.89, -854.6, "T", "SMD", "$1N7723", "", "R", 31.75, 34.02, 0, 0],
		[104, "R3_2", 692.21, -854.6, "T", "SMD", "M1_FAULT", "", "R", 31.75, 34.02, 0, 0],
		[105, "R4_1", 1863.74, -795.28, "T", "SMD", "$1N8490", "", "R", 31.75, 34.02, 0, 270],
		[106, "R4_2", 1863.74, -854.6, "T", "SMD", "M2_FAULT", "", "R", 31.75, 34.02, 0, 270],
		[107, "R5_1", 1350.48, -123.9, "T", "SMD", "M1_A", "", "R", 50.49, 136.06, 0, 270],
		[108, "R5_2", 1350.48, -292.5, "T", "SMD", "M1_A_P", "", "R", 50.49, 136.06, 0, 270],
		[109, "R6_1", 2635.46, -125.24, "T", "SMD", "M2_A", "", "R", 50.49, 136.06, 0, 270],
		[110, "R6_2", 2635.46, -293.84, "T", "SMD", "M2_A_P", "", "R", 50.49, 136.06, 0, 270],
		[111, "R7_1", 1184.71, -123.9, "T", "SMD", "M1_A", "", "R", 50.49, 136.06, 0, 270],
		[112, "R7_2", 1184.71, -292.5, "T", "SMD", "M1_A_P", "", "R", 50.49, 136.06, 0, 270],
		[113, "R8_1", 2470.46, -125.24, "T", "SMD", "M2_A", "", "R", 50.49, 136.06, 0, 270],
		[114, "R8_2", 2470.46, -293.84, "T", "SMD", "M2_A_P", "", "R", 50.49, 136.06, 0, 270],
		[115, "R9_1", 2403.22, -1111.25, "T", "SMD", "$1N11780", "", "R", 44.59, 54.21, 0, 90],
		[116, "R9_2", 2403.22, -1032.51, "T", "SMD", "GND", "GND", "R", 44.59, 54.21, 0, 90],
		[117, "R10_1", 705, -123.9, "T", "SMD", "M1_B", "", "R", 50.49, 136.06, 0, 270],
		[118, "R10_2", 705, -292.5, "T", "SMD", "M1_B_P", "", "R", 50.49, 136.06, 0, 270],
		[119, "R11_1", 1989.77, -123.93, "T", "SMD", "M2_B", "", "R", 50.49, 136.06, 0, 270],
		[120, "R11_2", 1989.77, -292.53, "T", "SMD", "M2_B_P", "", "R", 50.49, 136.06, 0, 270],
		[121, "R12_1", 545, -123.9, "T", "SMD", "M1_B", "", "R", 50.49, 136.06, 0, 270],
		[122, "R12_2", 545, -292.5, "T", "SMD", "M1_B_P", "", "R", 50.49, 136.06, 0, 270],
		[123, "R13_1", 1824.77, -123.93, "T", "SMD", "M2_B", "", "R", 50.49, 136.06, 0, 270],
		[124, "R13_2", 1824.77, -292.53, "T", "SMD", "M2_B_P", "", "R", 50.49, 136.06, 0, 270],
		[125, "R14_1", 65.25, -345.9, "T", "SMD", "$1N12055", "", "R", 44.59, 54.21, 0, 0],
		[126, "R14_2", 143.99, -345.9, "T", "SMD", "$1N12054", "", "R", 44.59, 54.21, 0, 0],
		[127, "R15_1", 275, -1345.63, "T", "SMD", "$1N11916", "", "R", 44.59, 54.21, 0, 270],
		[128, "R15_2", 275, -1424.37, "T", "SMD", "$1N11915", "", "R", 44.59, 54.21, 0, 270],
		[129, "R16_1", 237.97, -545.8, "T", "SMD", "TIM2_CH1", "", "R", 44.59, 54.21, 0, 180],
		[130, "R16_2", 159.23, -545.8, "T", "SMD", "$1N12058", "", "R", 44.59, 54.21, 0, 180],
		[131, "R17_1", 380, -1231.89, "T", "SMD", "TIM2_CH2", "", "R", 44.59, 54.21, 0, 270],
		[132, "R17_2", 380, -1310.63, "T", "SMD", "$1N11923", "", "R", 44.59, 54.21, 0, 270],
		[133, "SCREW1_1", 154.98, -2202.22, "T", "DIP", "SCREW1_1", "", "C", 126, 126, 126, 0],
		[134, "SCREW1_1", 154.98, -2202.22, "B", "DIP", "SCREW1_1", "", "C", 126, 126, 126, 0],
		[135, "SCREW2_1", 154.98, -154.98, "T", "DIP", "SCREW2_1", "", "C", 126, 126, 126, 0],
		[136, "SCREW2_1", 154.98, -154.98, "B", "DIP", "SCREW2_1", "", "C", 126, 126, 126, 0],
		[137, "SCREW3_1", 2989.63, -154.98, "T", "DIP", "SCREW3_1", "", "C", 126, 126, 126, 0],
		[138, "SCREW3_1", 2989.63, -154.98, "B", "DIP", "SCREW3_1", "", "C", 126, 126, 126, 0],
		[139, "SCREW4_1", 2989.63, -2202.22, "T", "DIP", "SCREW4_1", "", "C", 126, 126, 126, 0],
		[140, "SCREW4_1", 2989.63, -2202.22, "B", "DIP", "SCREW4_1", "", "C", 126, 126, 126, 0],
		[141, "SW1_1", 1078.98, -2280, "T", "SMD", "GND", "GND", "R", 48.42, 53.54, 0, 0],
		[142, "SW1_2", 1251.02, -2280, "T", "SMD", "NRST", "", "R", 48.42, 53.54, 0, 0],
		[143, "SW2_1", 1082.25, -2000, "T", "SMD", "$1N3655", "", "R", 51.18, 90.55, 0, 270],
		[144, "SW2_2", 737.75, -2000, "T", "SMD", "CAN_L", "", "R", 51.18, 90.55, 0, 270],
		[145, "U1_1", 1006.73, -1522.32, "T", "SMD", "VCC3.3", "", "O", 10.63, 59.05, 0, 0],
		[146, "U1_2", 1026.42, -1522.32, "T", "SMD", "U1_2", "", "O", 10.63, 59.05, 0, 0],
		[147, "U1_3", 1046.1, -1522.32, "T", "SMD", "U1_3", "", "O", 10.63, 59.05, 0, 0],
		[148, "U1_4", 1065.79, -1522.32, "T", "SMD", "U1_4", "", "O", 10.63, 59.05, 0, 0],
		[149, "U1_5", 1085.47, -1522.32, "T", "SMD", "OSC_IN", "", "O", 10.63, 59.05, 0, 0],
		[150, "U1_6", 1105.16, -1522.32, "T", "SMD", "OSC_OUT", "", "O", 10.63, 59.05, 0, 0],
		[151, "U1_7", 1124.84, -1522.32, "T", "SMD", "NRST", "", "O", 10.63, 59.05, 0, 0],
		[152, "U1_8", 1144.53, -1522.32, "T", "SMD", "GND", "GND", "O", 10.63, 59.05, 0, 0],
		[153, "U1_9", 1164.21, -1522.32, "T", "SMD", "VCC3.3", "", "O", 10.63, 59.05, 0, 0],
		[154, "U1_10", 1183.9, -1522.32, "T", "SMD", "ADC1_IN0", "", "O", 10.63, 59.05, 0, 0],
		[155, "U1_11", 1203.58, -1522.32, "T", "SMD", "ADC1_IN1", "", "O", 10.63, 59.05, 0, 0],
		[156, "U1_12", 1223.27, -1522.32, "T", "SMD", "M2_FAULT", "", "O", 10.63, 59.05, 0, 0],
		[157, "U1_13", 1282.32, -1463.27, "T", "SMD", "M1_SLEEP", "", "O", 59.05, 10.63, 0, 0],
		[158, "U1_14", 1282.32, -1443.58, "T", "SMD", "ADC2_IN4", "", "O", 59.05, 10.63, 0, 0],
		[159, "U1_15", 1282.32, -1423.9, "T", "SMD", "ADC2_IN5", "", "O", 59.05, 10.63, 0, 0],
		[160, "U1_16", 1282.32, -1404.21, "T", "SMD", "TIM3_CH1", "", "O", 59.05, 10.63, 0, 0],
		[161, "U1_17", 1282.32, -1384.53, "T", "SMD", "TIM3_CH2", "", "O", 59.05, 10.63, 0, 0],
		[162, "U1_18", 1282.32, -1364.84, "T", "SMD", "TIM3_CH3", "", "O", 59.05, 10.63, 0, 0],
		[163, "U1_19", 1282.32, -1345.16, "T", "SMD", "U1_19", "", "O", 59.05, 10.63, 0, 0],
		[164, "U1_20", 1282.32, -1325.47, "T", "SMD", "GND", "GND", "O", 59.05, 10.63, 0, 0],
		[165, "U1_21", 1282.32, -1305.79, "T", "SMD", "I2C2_SCL", "", "O", 59.05, 10.63, 0, 0],
		[166, "U1_22", 1282.32, -1286.1, "T", "SMD", "I2C2_SDA", "", "O", 59.05, 10.63, 0, 0],
		[167, "U1_23", 1282.32, -1266.42, "T", "SMD", "GND", "GND", "O", 59.05, 10.63, 0, 0],
		[168, "U1_24", 1282.32, -1246.73, "T", "SMD", "VCC3.3", "", "O", 59.05, 10.63, 0, 0],
		[169, "U1_25", 1223.27, -1187.68, "T", "SMD", "M2_SLEEP", "", "O", 10.63, 59.05, 0, 0],
		[170, "U1_26", 1203.58, -1187.68, "T", "SMD", "M2_RESET", "", "O", 10.63, 59.05, 0, 0],
		[171, "U1_27", 1183.9, -1187.68, "T", "SMD", "M2_EN", "", "O", 10.63, 59.05, 0, 0],
		[172, "U1_28", 1164.21, -1187.68, "T", "SMD", "M1_EN", "", "O", 10.63, 59.05, 0, 0],
		[173, "U1_29", 1144.53, -1187.68, "T", "SMD", "TIM1_CH1", "", "O", 10.63, 59.05, 0, 0],
		[174, "U1_30", 1124.84, -1187.68, "T", "SMD", "TIM1_CH2", "", "O", 10.63, 59.05, 0, 0],
		[175, "U1_31", 1105.16, -1187.68, "T", "SMD", "TIM1_CH3", "", "O", 10.63, 59.05, 0, 0],
		[176, "U1_32", 1085.47, -1187.68, "T", "SMD", "CAN_RX", "", "O", 10.63, 59.05, 0, 0],
		[177, "U1_33", 1065.79, -1187.68, "T", "SMD", "CAN_TX", "", "O", 10.63, 59.05, 0, 0],
		[178, "U1_34", 1046.1, -1187.68, "T", "SMD", "SWDIO", "", "O", 10.63, 59.05, 0, 0],
		[179, "U1_35", 1026.42, -1187.68, "T", "SMD", "GND", "GND", "O", 10.63, 59.05, 0, 0],
		[180, "U1_36", 1006.73, -1187.68, "T", "SMD", "VCC3.3", "", "O", 10.63, 59.05, 0, 0],
		[181, "U1_37", 947.68, -1246.73, "T", "SMD", "SWCLK", "", "O", 59.05, 10.63, 0, 0],
		[182, "U1_38", 947.68, -1266.42, "T", "SMD", "TIM2_CH1", "", "O", 59.05, 10.63, 0, 0],
		[183, "U1_39", 947.68, -1286.1, "T", "SMD", "TIM2_CH2", "", "O", 59.05, 10.63, 0, 0],
		[184, "U1_40", 947.68, -1305.79, "T", "SMD", "M1_FAULT", "", "O", 59.05, 10.63, 0, 0],
		[185, "U1_41", 947.68, -1325.47, "T", "SMD", "M1_RESET", "", "O", 59.05, 10.63, 0, 0],
		[186, "U1_42", 947.68, -1345.16, "T", "SMD", "USART1_TX", "", "O", 59.05, 10.63, 0, 0],
		[187, "U1_43", 947.68, -1364.84, "T", "SMD", "USART1_RX", "", "O", 59.05, 10.63, 0, 0],
		[188, "U1_44", 947.68, -1384.53, "T", "SMD", "GND", "GND", "O", 59.05, 10.63, 0, 0],
		[189, "U1_45", 947.68, -1404.21, "T", "SMD", "I2C1_SCL", "", "O", 59.05, 10.63, 0, 0],
		[190, "U1_46", 947.68, -1423.9, "T", "SMD", "I2C1_SDA", "", "O", 59.05, 10.63, 0, 0],
		[191, "U1_47", 947.68, -1443.58, "T", "SMD", "GND", "GND", "O", 59.05, 10.63, 0, 0],
		[192, "U1_48", 947.68, -1463.27, "T", "SMD", "VCC3.3", "", "O", 59.05, 10.63, 0, 0],
		[193, "U2_1", 192.01, -1776.19, "T", "SMD", "GND", "GND", "R", 23.62, 66.93, 0, 270],
		[194, "U2_2", 192.01, -1825.39, "T", "SMD", "SWCLK", "", "R", 23.62, 66.93, 0, 270],
		[195, "U2_3", 192.01, -1874.61, "T", "SMD", "SWDIO", "", "R", 23.62, 66.93, 0, 270],
		[196, "U2_4", 192.01, -1923.81, "T", "SMD", "VCC3.3", "", "R", 23.62, 66.93, 0, 270],
		[197, "U2_5", 67.99, -1996.66, "T", "SMD", "GND", "GND", "R", 39.37, 110.24, 0, 270],
		[198, "U2_6", 67.99, -1703.34, "T", "SMD", "GND", "GND", "R", 39.37, 110.24, 0, 270],
		[199, "U3_1", 2180, -2262.32, "T", "SMD", "PGND", "", "R", 157.48, 86.61, 0, 180],
		[200, "U3_2", 2180, -1927.67, "T", "SMD", "VCC12V", "", "R", 157.48, 86.61, 0, 180],
		[201, "U3_3", 1490, -2262.32, "T", "SMD", "GND", "GND", "R", 157.48, 86.61, 0, 180],
		[202, "U3_4", 1490, -1927.67, "T", "SMD", "VCC", "", "R", 157.48, 86.61, 0, 180],
		[203, "U4_1", 1049.34, -512.17, "T", "SMD", "$1N7193", "", "O", 13.5, 68.17, 0, 180],
		[204, "U4_2", 1023.75, -512.17, "T", "SMD", "$1N7199", "", "O", 13.5, 68.17, 0, 180],
		[205, "U4_3", 998.16, -512.17, "T", "SMD", "$1N7239", "", "O", 13.5, 68.17, 0, 180],
		[206, "U4_4", 972.57, -512.17, "T", "SMD", "VCC12V", "", "O", 13.5, 68.17, 0, 180],
		[207, "U4_5", 946.98, -512.17, "T", "SMD", "M1_A_P", "", "O", 13.5, 68.17, 0, 180],
		[208, "U4_6", 921.39, -512.17, "T", "SMD", "PGND", "", "O", 13.5, 68.17, 0, 180],
		[209, "U4_7", 895.79, -512.17, "T", "SMD", "PGND", "", "O", 13.5, 68.17, 0, 180],
		[210, "U4_8", 870.2, -512.18, "T", "SMD", "M1_B_P", "", "O", 13.5, 68.17, 0, 180],
		[211, "U4_9", 844.61, -512.18, "T", "SMD", "M1_C", "", "O", 13.5, 68.17, 0, 180],
		[212, "U4_10", 819.02, -512.18, "T", "SMD", "PGND", "", "O", 13.5, 68.17, 0, 180],
		[213, "U4_11", 793.43, -512.18, "T", "SMD", "VCC12V", "", "O", 13.5, 68.17, 0, 180],
		[214, "U4_12", 767.84, -512.18, "T", "SMD", "GND", "GND", "O", 13.5, 68.17, 0, 180],
		[215, "U4_13", 742.25, -512.18, "T", "SMD", "GND", "GND", "O", 13.5, 68.17, 0, 180],
		[216, "U4_14", 716.66, -512.18, "T", "SMD", "GND", "GND", "O", 13.5, 68.17, 0, 180],
		[217, "U4_15", 716.66, -737.83, "T", "SMD", "$1N7723", "", "O", 13.5, 68.17, 0, 180],
		[218, "U4_16", 742.25, -737.83, "T", "SMD", "M1_RESET", "", "O", 13.5, 68.17, 0, 180],
		[219, "U4_17", 767.84, -737.83, "T", "SMD", "M1_SLEEP", "", "O", 13.5, 68.17, 0, 180],
		[220, "U4_18", 793.43, -737.83, "T", "SMD", "M1_FAULT", "", "O", 13.5, 68.17, 0, 180],
		[221, "U4_19", 819.02, -737.83, "T", "SMD", "GND", "GND", "O", 13.5, 68.17, 0, 180],
		[222, "U4_20", 844.61, -737.83, "T", "SMD", "GND", "GND", "O", 13.5, 68.17, 0, 180],
		[223, "U4_21", 870.2, -737.83, "T", "SMD", "U4_21", "", "O", 13.5, 68.17, 0, 180],
		[224, "U4_22", 895.79, -737.83, "T", "SMD", "M1_EN", "", "O", 13.5, 68.17, 0, 180],
		[225, "U4_23", 921.39, -737.83, "T", "SMD", "TIM1_CH3", "", "O", 13.5, 68.17, 0, 180],
		[226, "U4_24", 946.98, -737.83, "T", "SMD", "M1_EN", "", "O", 13.5, 68.17, 0, 180],
		[227, "U4_25", 972.57, -737.83, "T", "SMD", "TIM1_CH2", "", "O", 13.5, 68.17, 0, 180],
		[228, "U4_26", 998.16, -737.83, "T", "SMD", "M1_EN", "", "O", 13.5, 68.17, 0, 180],
		[229, "U4_27", 1023.75, -737.83, "T", "SMD", "TIM1_CH1", "", "O", 13.5, 68.17, 0, 180],
		[230, "U4_28", 1049.34, -737.83, "T", "SMD", "GND", "GND", "O", 13.5, 68.17, 0, 180],
		[231, "U4_29", 883, -625, "T", "SMD", "PGND", "", "R", 244.09, 108.27, 0, 180],
		[232, "U5_1", 2341.34, -512.17, "T", "SMD", "$1N8422", "", "O", 13.5, 68.17, 0, 180],
		[233, "U5_2", 2315.75, -512.17, "T", "SMD", "$1N8426", "", "O", 13.5, 68.17, 0, 180],
		[234, "U5_3", 2290.16, -512.17, "T", "SMD", "$1N8429", "", "O", 13.5, 68.17, 0, 180],
		[235, "U5_4", 2264.57, -512.17, "T", "SMD", "VCC12V", "", "O", 13.5, 68.17, 0, 180],
		[236, "U5_5", 2238.98, -512.17, "T", "SMD", "M2_A_P", "", "O", 13.5, 68.17, 0, 180],
		[237, "U5_6", 2213.39, -512.17, "T", "SMD", "PGND", "", "O", 13.5, 68.17, 0, 180],
		[238, "U5_7", 2187.79, -512.17, "T", "SMD", "PGND", "", "O", 13.5, 68.17, 0, 180],
		[239, "U5_8", 2162.2, -512.17, "T", "SMD", "M2_B_P", "", "O", 13.5, 68.17, 0, 180],
		[240, "U5_9", 2136.61, -512.17, "T", "SMD", "M2_C", "", "O", 13.5, 68.17, 0, 180],
		[241, "U5_10", 2111.02, -512.17, "T", "SMD", "PGND", "", "O", 13.5, 68.17, 0, 180],
		[242, "U5_11", 2085.43, -512.17, "T", "SMD", "VCC12V", "", "O", 13.5, 68.17, 0, 180],
		[243, "U5_12", 2059.84, -512.17, "T", "SMD", "GND", "GND", "O", 13.5, 68.17, 0, 180],
		[244, "U5_13", 2034.25, -512.17, "T", "SMD", "GND", "GND", "O", 13.5, 68.17, 0, 180],
		[245, "U5_14", 2008.66, -512.17, "T", "SMD", "GND", "GND", "O", 13.5, 68.17, 0, 180],
		[246, "U5_15", 2008.66, -737.83, "T", "SMD", "$1N8490", "", "O", 13.5, 68.17, 0, 180],
		[247, "U5_16", 2034.25, -737.83, "T", "SMD", "M2_RESET", "", "O", 13.5, 68.17, 0, 180],
		[248, "U5_17", 2059.84, -737.83, "T", "SMD", "M2_SLEEP", "", "O", 13.5, 68.17, 0, 180],
		[249, "U5_18", 2085.43, -737.83, "T", "SMD", "M2_FAULT", "", "O", 13.5, 68.17, 0, 180],
		[250, "U5_19", 2111.02, -737.83, "T", "SMD", "GND", "GND", "O", 13.5, 68.17, 0, 180],
		[251, "U5_20", 2136.61, -737.83, "T", "SMD", "GND", "GND", "O", 13.5, 68.17, 0, 180],
		[252, "U5_21", 2162.2, -737.83, "T", "SMD", "U5_21", "", "O", 13.5, 68.17, 0, 180],
		[253, "U5_22", 2187.79, -737.83, "T", "SMD", "M2_EN", "", "O", 13.5, 68.17, 0, 180],
		[254, "U5_23", 2213.39, -737.83, "T", "SMD", "TIM3_CH3", "", "O", 13.5, 68.17, 0, 180],
		[255, "U5_24", 2238.98, -737.83, "T", "SMD", "M2_EN", "", "O", 13.5, 68.17, 0, 180],
		[256, "U5_25", 2264.57, -737.83, "T", "SMD", "TIM3_CH2", "", "O", 13.5, 68.17, 0, 180],
		[257, "U5_26", 2290.16, -737.83, "T", "SMD", "M2_EN", "", "O", 13.5, 68.17, 0, 180],
		[258, "U5_27", 2315.75, -737.83, "T", "SMD", "TIM3_CH1", "", "O", 13.5, 68.17, 0, 180],
		[259, "U5_28", 2341.34, -737.83, "T", "SMD", "GND", "GND", "O", 13.5, 68.17, 0, 180],
		[260, "U5_29", 2175, -625, "T", "SMD", "PGND", "", "R", 244.09, 108.27, 0, 180],
		[261, "U6_1", 1809.45, -1721.92, "T", "SMD", "GND", "GND", "R", 98.42, 43.31, 0, 270],
		[262, "U6_2", 1900, -1721.92, "T", "SMD", "VCC3.3", "", "R", 98.42, 43.31, 0, 270],
		[263, "U6_3", 1990.55, -1721.92, "T", "SMD", "VCC", "", "R", 98.42, 43.31, 0, 270],
		[264, "U6_4", 1900, -1488.07, "T", "SMD", "VCC3.3", "", "R", 92.13, 141.73, 0, 270],
		[265, "U7_1", 615, -1906.5, "T", "SMD", "CAN_TX", "", "O", 22.38, 76.78, 0, 180],
		[266, "U7_2", 665, -1906.5, "T", "SMD", "GND", "GND", "O", 22.38, 76.78, 0, 180],
		[267, "U7_3", 715, -1906.5, "T", "SMD", "VCC", "", "O", 22.38, 76.78, 0, 180],
		[268, "U7_4", 765, -1906.5, "T", "SMD", "CAN_RX", "", "O", 22.38, 76.78, 0, 180],
		[269, "U7_5", 765, -1693.5, "T", "SMD", "U7_5", "", "O", 22.38, 76.78, 0, 180],
		[270, "U7_6", 715, -1693.5, "T", "SMD", "CAN_L", "", "O", 22.38, 76.78, 0, 180],
		[271, "U7_7", 665, -1693.5, "T", "SMD", "CAN_H", "", "O", 22.38, 76.78, 0, 180],
		[272, "U7_8", 615, -1693.5, "T", "SMD", "GND", "GND", "O", 22.38, 76.78, 0, 180],
		[273, "U8_1", 801.18, -2162.99, "T", "SMD", "VCC", "", "R", 23.62, 66.93, 0, 180],
		[274, "U8_2", 850.39, -2162.99, "T", "SMD", "GND", "GND", "R", 23.62, 66.93, 0, 180],
		[275, "U8_3", 899.61, -2162.99, "T", "SMD", "CAN_H", "", "R", 23.62, 66.93, 0, 180],
		[276, "U8_4", 948.82, -2162.99, "T", "SMD", "CAN_L", "", "R", 23.62, 66.93, 0, 180],
		[277, "U8_5", 1021.65, -2287.01, "T", "SMD", "GND", "GND", "R", 39.37, 110.24, 0, 180],
		[278, "U8_6", 728.35, -2287.01, "T", "SMD", "GND", "GND", "R", 39.37, 110.24, 0, 180],
		[279, "U9_1", 391.18, -2162.99, "T", "SMD", "VCC", "", "R", 23.62, 66.93, 0, 180],
		[280, "U9_2", 440.39, -2162.99, "T", "SMD", "GND", "GND", "R", 23.62, 66.93, 0, 180],
		[281, "U9_3", 489.61, -2162.99, "T", "SMD", "CAN_H", "", "R", 23.62, 66.93, 0, 180],
		[282, "U9_4", 538.82, -2162.99, "T", "SMD", "CAN_L", "", "R", 23.62, 66.93, 0, 180],
		[283, "U9_5", 611.65, -2287.01, "T", "SMD", "GND", "GND", "R", 39.37, 110.24, 0, 180],
		[284, "U9_6", 318.34, -2287.01, "T", "SMD", "GND", "GND", "R", 39.37, 110.24, 0, 180],
		[285, "U10_1", 1558.39, -99.76, "T", "SMD", "GND", "GND", "O", 13.9, 57.24, 0, 180],
		[286, "U10_2", 1532.79, -99.76, "T", "SMD", "M1_A_P", "", "O", 13.9, 57.24, 0, 180],
		[287, "U10_3", 1507.2, -99.76, "T", "SMD", "M1_A", "", "O", 13.9, 57.24, 0, 180],
		[288, "U10_4", 1481.61, -99.76, "T", "SMD", "GND", "GND", "O", 13.9, 57.24, 0, 180],
		[289, "U10_5", 1481.61, -330.24, "T", "SMD", "VCC3.3", "", "O", 13.9, 57.24, 0, 180],
		[290, "U10_6", 1507.2, -330.24, "T", "SMD", "VCC3.3", "", "O", 13.9, 57.24, 0, 180],
		[291, "U10_7", 1532.79, -330.24, "T", "SMD", "GND", "GND", "O", 13.9, 57.24, 0, 180],
		[292, "U10_8", 1558.39, -330.24, "T", "SMD", "ADC1_IN0", "", "O", 13.9, 57.24, 0, 180],
		[293, "U11_1", 2828.39, -99.76, "T", "SMD", "GND", "GND", "O", 13.9, 57.24, 0, 180],
		[294, "U11_2", 2802.79, -99.76, "T", "SMD", "M2_A_P", "", "O", 13.9, 57.24, 0, 180],
		[295, "U11_3", 2777.2, -99.76, "T", "SMD", "M2_A", "", "O", 13.9, 57.24, 0, 180],
		[296, "U11_4", 2751.61, -99.76, "T", "SMD", "GND", "GND", "O", 13.9, 57.24, 0, 180],
		[297, "U11_5", 2751.61, -330.24, "T", "SMD", "VCC3.3", "", "O", 13.9, 57.24, 0, 180],
		[298, "U11_6", 2777.2, -330.24, "T", "SMD", "VCC3.3", "", "O", 13.9, 57.24, 0, 180],
		[299, "U11_7", 2802.79, -330.24, "T", "SMD", "GND", "GND", "O", 13.9, 57.24, 0, 180],
		[300, "U11_8", 2828.39, -330.24, "T", "SMD", "ADC2_IN4", "", "O", 13.9, 57.24, 0, 180],
		[301, "U12_1", 192.01, -1421.19, "T", "SMD", "VCC", "", "R", 23.62, 66.93, 0, 90],
		[302, "U12_2", 192.01, -1470.39, "T", "SMD", "GND", "GND", "R", 23.62, 66.93, 0, 90],
		[303, "U12_3", 192.01, -1519.61, "T", "SMD", "I2C1_SCL", "", "R", 23.62, 66.93, 0, 90],
		[304, "U12_4", 192.01, -1568.81, "T", "SMD", "I2C1_SDA", "", "R", 23.62, 66.93, 0, 90],
		[305, "U12_5", 67.99, -1641.66, "T", "SMD", "GND", "GND", "R", 39.37, 110.24, 0, 90],
		[306, "U12_6", 67.99, -1348.34, "T", "SMD", "GND", "GND", "R", 39.37, 110.24, 0, 90],
		[307, "U13_1", 192.01, -721.18, "T", "SMD", "VCC", "", "R", 23.62, 66.93, 0, 90],
		[308, "U13_2", 192.01, -770.39, "T", "SMD", "GND", "GND", "R", 23.62, 66.93, 0, 90],
		[309, "U13_3", 192.01, -819.61, "T", "SMD", "I2C2_SCL", "", "R", 23.62, 66.93, 0, 90],
		[310, "U13_4", 192.01, -868.82, "T", "SMD", "I2C2_SDA", "", "R", 23.62, 66.93, 0, 90],
		[311, "U13_5", 67.99, -941.65, "T", "SMD", "GND", "GND", "R", 39.37, 110.24, 0, 90],
		[312, "U13_6", 67.99, -648.35, "T", "SMD", "GND", "GND", "R", 39.37, 110.24, 0, 90],
		[313, "U14_1", 192.01, -1066.18, "T", "SMD", "USART1_RX", "", "R", 23.62, 66.93, 0, 90],
		[314, "U14_2", 192.01, -1115.39, "T", "SMD", "USART1_TX", "", "R", 23.62, 66.93, 0, 90],
		[315, "U14_3", 192.01, -1164.61, "T", "SMD", "GND", "GND", "R", 23.62, 66.93, 0, 90],
		[316, "U14_4", 192.01, -1213.82, "T", "SMD", "VCC", "", "R", 23.62, 66.93, 0, 90],
		[317, "U14_5", 67.99, -1286.66, "T", "SMD", "GND", "GND", "R", 39.37, 110.24, 0, 90],
		[318, "U14_6", 67.99, -993.35, "T", "SMD", "GND", "GND", "R", 39.37, 110.24, 0, 90],
		[319, "U15_1", 423.39, -99.76, "T", "SMD", "GND", "GND", "O", 13.9, 57.24, 0, 180],
		[320, "U15_2", 397.79, -99.76, "T", "SMD", "M1_B_P", "", "O", 13.9, 57.24, 0, 180],
		[321, "U15_3", 372.2, -99.76, "T", "SMD", "M1_B", "", "O", 13.9, 57.24, 0, 180],
		[322, "U15_4", 346.61, -99.76, "T", "SMD", "GND", "GND", "O", 13.9, 57.24, 0, 180],
		[323, "U15_5", 346.61, -330.24, "T", "SMD", "VCC3.3", "", "O", 13.9, 57.24, 0, 180],
		[324, "U15_6", 372.2, -330.24, "T", "SMD", "VCC3.3", "", "O", 13.9, 57.24, 0, 180],
		[325, "U15_7", 397.79, -330.24, "T", "SMD", "GND", "GND", "O", 13.9, 57.24, 0, 180],
		[326, "U15_8", 423.39, -330.24, "T", "SMD", "ADC1_IN1", "", "O", 13.9, 57.24, 0, 180],
		[327, "U16_1", 1703.39, -99.76, "T", "SMD", "GND", "GND", "O", 13.9, 57.24, 0, 180],
		[328, "U16_2", 1677.79, -99.76, "T", "SMD", "M2_B_P", "", "O", 13.9, 57.24, 0, 180],
		[329, "U16_3", 1652.2, -99.76, "T", "SMD", "M2_B", "", "O", 13.9, 57.24, 0, 180],
		[330, "U16_4", 1626.61, -99.76, "T", "SMD", "GND", "GND", "O", 13.9, 57.24, 0, 180],
		[331, "U16_5", 1626.61, -330.24, "T", "SMD", "VCC3.3", "", "O", 13.9, 57.24, 0, 180],
		[332, "U16_6", 1652.2, -330.24, "T", "SMD", "VCC3.3", "", "O", 13.9, 57.24, 0, 180],
		[333, "U16_7", 1677.79, -330.24, "T", "SMD", "GND", "GND", "O", 13.9, 57.24, 0, 180],
		[334, "U16_8", 1703.39, -330.24, "T", "SMD", "ADC2_IN5", "", "O", 13.9, 57.24, 0, 180],
		[335, "X1_1", 1034.29, -1727.24, "T", "SMD", "OSC_IN", "", "R", 78.74, 55.12, 0, 0],
		[336, "X1_2", 1195.71, -1727.24, "T", "SMD", "GND", "GND", "R", 78.74, 55.12, 0, 0],
		[337, "X1_3", 1195.71, -1632.76, "T", "SMD", "OSC_OUT", "", "R", 78.74, 55.12, 0, 0],
		[338, "X1_4", 1034.29, -1632.76, "T", "SMD", "GND", "GND", "R", 78.74, 55.12, 0, 0]
	]
}
}